vi,pad_id,x_v,y_v,vmm,ch,n_track_v,k_hit_v,amp_n_v,amp_med_v,amp_p25_v,amp_p75_v,eff_v,di,x_d,y_d,n_track_d,k_hit_d,eff_d,amp_n_lead,amp_med_lead,amp_p25_d,amp_p75_d,amp_n_d,amp_med_d,amp_mean,pad_area,radius,connector_N,half,masked,mpv_v,mpv_d,use
0,447,144.35,56.38,14,0,0,0,0,,,,,0,144.3471,56.383,0,0,,0,,,,0,,,130.567,205.3015,4,bot,False,,,False
1,446,538.9,208.42,14,1,0,0,0,,,,,1,538.9023,208.4196,0,0,,0,,,,0,,,133.018,628.147,4,bot,False,,,False
2,445,357.74,138.25,14,2,0,0,0,,,,,2,357.7356,138.249,0,0,,0,,,,0,,,132.609,433.8677,4,bot,False,,,False
3,444,176.57,68.11,14,3,0,0,0,,,,,3,176.5673,68.1079,0,0,,0,,,,0,,,131.228,239.5518,4,bot,False,,,False
4,443,389.96,149.98,14,4,0,0,0,,,,,4,389.9576,149.9791,0,0,,0,,,,0,,,132.702,468.1374,4,bot,False,,,False
5,442,422.18,161.71,14,5,0,0,0,,,,,5,422.179,161.709,0,0,,0,,,,0,,,132.783,502.4153,4,bot,False,,,False
6,441,208.79,79.83,14,6,0,0,0,,,,,6,208.787,79.8333,0,0,,0,,,,0,,,131.661,273.8179,4,bot,False,,,False
7,440,454.4,173.44,14,7,0,0,0,,,,,7,454.3997,173.4382,0,0,,0,,,,0,,,132.865,536.6903,4,bot,False,,,False
8,439,486.62,185.17,14,8,0,0,0,,,,,8,486.6205,185.1675,0,0,,0,,,,0,,,132.928,570.9702,4,bot,False,,,False
9,438,241.01,91.56,14,9,0,0,0,,,,,9,241.0062,91.5587,0,0,,0,,,,0,,,131.964,308.0876,4,bot,False,,,False
10,437,518.84,196.9,14,10,0,0,0,,,,,10,518.8405,196.8959,0,0,,0,,,,0,,,132.987,605.246,4,bot,False,,,False
11,436,551.06,208.62,14,11,0,0,0,,,,,11,551.0603,208.6245,0,0,,0,,,,0,,,133.032,636.3635,4,bot,False,,,False
12,435,273.23,103.28,14,12,0,0,0,,,,,12,273.2253,103.284,0,0,,0,,,,0,,,132.197,342.3705,4,bot,False,,,False
13,434,305.44,115.01,14,13,0,0,0,,,,,13,305.4442,115.01,0,0,,0,,,,0,,,132.376,376.6527,4,bot,False,,,False
14,433,337.66,126.74,14,14,0,0,0,,,,,14,337.6629,126.7359,0,0,,0,,,,0,,,132.523,410.9336,4,bot,False,,,False
15,432,369.88,138.46,14,15,0,0,0,,,,,15,369.8815,138.4616,0,0,,0,,,,0,,,132.635,445.2154,4,bot,False,,,False
16,431,402.1,150.19,14,16,0,0,0,,,,,16,402.1,150.1879,0,0,,0,,,,0,,,132.732,479.4977,4,bot,False,,,False
17,430,434.32,161.91,14,17,0,0,0,,,,,17,434.3186,161.9136,0,0,,0,,,,0,,,132.82,513.7798,4,bot,False,,,False
18,429,466.54,173.64,14,18,0,0,0,,,,,18,466.5371,173.6401,0,0,,0,,,,0,,,132.89,548.0631,4,bot,False,,,False
19,428,498.76,185.37,14,19,0,0,0,,,,,19,498.7553,185.3661,0,0,,0,,,,0,,,132.95,582.3457,4,bot,False,,,False
20,427,530.97,197.09,14,20,0,0,0,,,,,20,530.9736,197.0923,0,0,,0,,,,0,,,133.0,616.6285,4,bot,False,,,False
21,426,253.12,91.77,14,21,0,0,0,,,,,21,253.1154,91.7747,0,0,,0,,,,0,,,132.05,319.4883,4,bot,False,,,False
22,425,285.33,103.49,14,22,0,0,0,,,,,22,285.3339,103.4937,0,0,,0,,,,0,,,132.261,353.7487,4,bot,False,,,False
23,424,317.55,115.21,14,23,0,0,0,,,,,23,317.5523,115.2142,0,0,,0,,,,0,,,132.434,388.0194,4,bot,False,,,False
24,423,349.77,126.94,14,24,0,0,0,,,,,24,349.7707,126.9359,0,0,,0,,,,0,,,132.56,422.2987,4,bot,False,,,False
25,422,381.99,138.66,14,25,0,0,0,,,,,25,381.9891,138.6582,0,0,,0,,,,0,,,132.671,456.5791,4,bot,False,,,False
26,421,414.21,150.38,14,26,0,0,0,,,,,26,414.2072,150.3811,0,0,,0,,,,0,,,132.76,490.8601,4,bot,False,,,False
27,420,446.43,162.1,14,27,0,0,0,,,,,27,446.4257,162.1048,0,0,,0,,,,0,,,132.835,525.1471,4,bot,False,,,False
28,419,478.64,173.83,14,28,0,0,0,,,,,28,478.6436,173.8288,0,0,,0,,,,0,,,132.911,559.4324,4,bot,False,,,False
29,418,510.86,185.55,14,29,0,0,0,,,,,29,510.862,185.5531,0,0,,0,,,,0,,,132.971,593.7189,4,bot,False,,,False
30,417,543.08,197.28,14,30,0,0,0,,,,,30,543.08,197.2778,0,0,,0,,,,0,,,133.017,628.004,4,bot,False,,,False
31,416,220.9,80.06,14,31,0,0,0,,,,,31,220.8966,80.0583,0,0,,0,,,,0,,,131.772,285.2109,4,bot,False,,,False
32,415,188.68,68.35,14,32,0,0,0,,,,,32,188.6776,68.3451,0,0,,0,,,,0,,,131.381,250.9346,4,bot,False,,,False
33,414,156.46,56.64,14,33,0,0,0,,,,,33,156.4584,56.6379,0,0,,0,,,,0,,,130.813,216.6622,4,bot,False,,,False
34,413,124.24,44.94,14,34,0,0,0,,,,,34,124.238,44.9423,0,0,,0,,,,0,,,129.909,182.3929,4,bot,False,,,False
35,412,426.28,150.56,14,35,0,0,0,,,,,35,426.2817,150.5609,0,0,,0,,,,0,,,132.795,502.2549,4,bot,False,,,False
36,411,458.5,162.28,14,36,0,0,0,,,,,36,458.5021,162.2831,0,0,,0,,,,0,,,132.869,536.5341,4,bot,False,,,False
37,410,490.72,174.01,14,37,0,0,0,,,,,37,490.7221,174.0057,0,0,,0,,,,0,,,132.933,570.8168,4,bot,False,,,False
38,409,522.94,185.73,14,38,0,0,0,,,,,38,522.9418,185.7294,0,0,,0,,,,0,,,132.98,605.1006,4,bot,False,,,False
39,408,555.16,197.45,14,39,0,0,0,,,,,39,555.1616,197.4525,0,0,,0,,,,0,,,133.034,636.4389,4,bot,False,,,False
40,407,394.06,138.84,14,40,0,0,0,,,,,40,394.0613,138.8397,0,0,,0,,,,0,,,132.7,467.9663,4,bot,False,,,False
41,406,361.84,127.12,14,41,0,0,0,,,,,41,361.84,127.1193,0,0,,0,,,,0,,,132.6,433.6785,4,bot,False,,,False
42,405,329.62,115.4,14,42,0,0,0,,,,,42,329.6184,115.4001,0,0,,0,,,,0,,,132.479,399.3897,4,bot,False,,,False
43,404,297.4,103.68,14,43,0,0,0,,,,,43,297.3957,103.6827,0,0,,0,,,,0,,,132.324,365.1002,4,bot,False,,,False
44,403,265.17,91.97,14,44,0,0,0,,,,,44,265.1722,91.9671,0,0,,0,,,,0,,,132.126,330.8091,4,bot,False,,,False
45,402,232.95,80.26,14,45,0,0,0,,,,,45,232.9471,80.2552,0,0,,0,,,,0,,,131.872,296.5154,4,bot,False,,,False
46,401,200.72,68.55,14,46,0,0,0,,,,,46,200.7195,68.5485,0,0,,0,,,,0,,,131.53,262.2188,4,bot,False,,,False
47,400,168.49,56.85,14,47,0,0,0,,,,,47,168.4884,56.8501,0,0,,0,,,,0,,,131.03,227.9135,4,bot,False,,,False
48,399,136.25,45.17,14,48,0,0,0,,,,,48,136.2509,45.167,0,0,,0,,,,0,,,130.267,193.6564,4,bot,False,,,False
49,398,535.0,185.9,14,49,0,0,0,,,,,49,534.9965,185.8953,0,0,,0,,,,0,,,132.994,616.4724,4,bot,False,,,False
50,397,502.77,174.17,14,50,0,0,0,,,,,50,502.7736,174.1724,0,0,,0,,,,0,,,132.942,582.1798,4,bot,False,,,False
51,396,470.55,162.45,14,51,0,0,0,,,,,51,470.5501,162.4503,0,0,,0,,,,0,,,132.885,547.8857,4,bot,False,,,False
52,395,438.33,150.73,14,52,0,0,0,,,,,52,438.326,150.7284,0,0,,0,,,,0,,,132.823,513.5904,4,bot,False,,,False
53,394,406.1,139.01,14,53,0,0,0,,,,,53,406.1005,139.0076,0,0,,0,,,,0,,,132.734,479.2937,4,bot,False,,,False
54,393,373.87,127.29,14,54,0,0,0,,,,,54,373.874,127.288,0,0,,0,,,,0,,,132.639,444.9938,4,bot,False,,,False
55,392,341.65,115.57,14,55,0,0,0,,,,,55,341.646,115.5698,0,0,,0,,,,0,,,132.522,410.6915,4,bot,False,,,False
56,391,309.42,103.85,14,56,0,0,0,,,,,56,309.4155,103.8532,0,0,,0,,,,0,,,132.369,376.3839,4,bot,False,,,False
57,390,277.18,92.14,14,57,0,0,0,,,,,57,277.1825,92.1395,0,0,,0,,,,0,,,132.196,342.0808,4,bot,False,,,False
58,389,547.03,186.05,14,58,0,0,0,,,,,58,547.0273,186.0523,0,0,,0,,,,0,,,133.018,627.8358,4,bot,False,,,False
59,388,514.8,174.33,14,59,0,0,0,,,,,59,514.8001,174.329,0,0,,0,,,,0,,,132.972,593.5378,4,bot,False,,,False
60,387,482.57,162.61,14,60,0,0,0,,,,,60,482.5717,162.6066,0,0,,0,,,,0,,,132.906,559.2382,4,bot,False,,,False
61,386,450.34,150.88,14,61,0,0,0,,,,,61,450.3415,150.885,0,0,,0,,,,0,,,132.842,524.9369,4,bot,False,,,False
62,385,418.11,139.16,14,62,0,0,0,,,,,62,418.1098,139.1638,0,0,,0,,,,0,,,132.764,490.6375,4,bot,False,,,False
63,384,559.04,186.2,14,63,0,0,0,,,,,63,559.0359,186.2003,0,0,,0,,,,0,,,133.035,636.6766,4,bot,False,,,False
64,511,517.51,230.14,15,0,0,0,0,,,,,64,517.5066,230.142,0,0,,0,,,,0,,,133.005,617.0077,4,top,False,,,False
65,510,465.3,206.9,15,1,2340,2177,2177,173.72121212121212,124.0,246.0,0.9303418803418804,65,465.3043,206.9018,0,0,,0,,,,0,,,132.904,559.8635,4,top,False,124.27397260273972,,False
66,509,413.1,183.66,15,2,27913,25020,25020,165.43364681295716,122.0,228.0,0.8963565363808977,66,413.1015,183.6627,0,0,,0,,,,0,,,132.79,502.7201,4,top,False,123.57742402315483,,False
67,508,497.59,218.67,15,3,0,0,0,,,,,67,497.5873,218.6703,0,0,,0,,,,0,,,132.962,594.1517,4,top,False,,,False
68,507,360.9,160.42,15,4,0,0,0,,,,,68,360.8991,160.4241,0,0,,0,,,,0,,,132.633,445.5717,4,top,False,,,False
69,506,445.38,195.43,15,5,7606,7176,7176,221.90476190476193,157.75,320.0,0.9434656849855377,69,445.3834,195.432,0,0,,0,,,,0,,,132.865,536.9981,4,top,False,168.86746987951807,,False
70,505,529.86,230.43,15,6,0,0,0,,,,,70,529.8633,230.433,0,0,,0,,,,0,,,133.02,628.4074,4,top,False,,,False
71,504,308.7,137.19,15,7,0,0,0,,,,,71,308.6966,137.1869,0,0,,0,,,,0,,,132.432,388.42,4,top,False,,,False
72,503,393.18,172.19,15,8,28937,20586,20586,137.10277324632952,109.0,178.0,0.7114075405190586,72,393.1792,172.1946,0,0,,0,,,,0,,,132.73,479.8486,4,top,False,118.47686832740213,,False
73,502,477.66,207.19,15,9,0,0,0,,,,,73,477.6574,207.1948,0,0,,0,,,,0,,,132.932,571.2589,4,top,False,,,False
74,501,256.49,113.95,15,10,0,0,0,,,,,74,256.494,113.9519,0,0,,0,,,,0,,,132.122,331.2799,4,top,False,,,False
75,500,340.97,148.96,15,11,0,0,0,,,,,75,340.9745,148.9585,0,0,,0,,,,0,,,132.569,422.6973,4,top,False,,,False
76,499,425.45,183.96,15,12,14044,12686,12686,211.12717536813923,151.0,304.0,0.9033039020222159,76,425.4505,183.9581,0,0,,0,,,,0,,,132.814,514.1045,4,top,False,147.9550561797753,,False
77,498,509.92,218.95,15,13,0,0,0,,,,,77,509.9245,218.9535,0,0,,0,,,,0,,,132.988,605.5109,4,top,False,,,False
78,497,288.77,125.73,15,14,0,0,0,,,,,78,288.7689,125.7253,0,0,,0,,,,0,,,132.325,365.5676,4,top,False,,,False
79,496,373.24,160.72,15,15,0,0,0,,,,,79,373.2427,160.7225,0,0,,0,,,,0,,,132.675,456.9612,4,top,False,,,False
80,495,457.71,195.72,15,16,2434,2294,2294,225.05882352941177,161.0,326.75,0.942481511914544,80,457.7147,195.7159,0,0,,0,,,,0,,,132.895,548.3633,4,top,False,165.33333333333334,,False
81,494,542.19,230.71,15,17,0,0,0,,,,,81,542.1859,230.708,0,0,,0,,,,0,,,133.033,636.8928,4,top,False,,,False
82,493,204.29,90.72,15,18,0,0,0,,,,,82,204.2918,90.7201,0,0,,0,,,,0,,,131.657,274.1432,4,top,False,,,False
83,492,321.03,137.49,15,19,0,0,0,,,,,83,321.033,137.4891,0,0,,0,,,,0,,,132.482,399.8195,4,top,False,,,False
84,491,405.5,172.48,15,20,20131,17386,17386,156.02643171806167,119.0,213.0,0.8636431374497044,84,405.5031,172.48,0,0,,0,,,,0,,,132.761,491.211,4,top,False,122.74666666666667,,False
85,490,489.97,207.47,15,21,0,0,0,,,,,85,489.9731,207.47,0,0,,0,,,,0,,,132.948,582.6228,4,top,False,,,False
86,489,236.56,102.5,15,22,0,0,0,,,,,86,236.5619,102.496,0,0,,0,,,,0,,,131.956,308.4025,4,top,False,,,False
87,488,152.09,67.5,15,23,0,0,0,,,,,87,152.0896,67.4964,0,0,,0,,,,0,,,130.813,216.9946,4,top,False,,,False
88,487,522.23,219.22,15,24,0,0,0,,,,,88,522.2268,219.2207,0,0,,0,,,,0,,,132.998,616.8913,4,top,False,,,False
89,486,437.76,184.23,15,25,1830,1722,1722,225.83333333333334,158.25,325.0,0.940983606557377,89,437.7578,184.2333,0,0,,0,,,,0,,,132.841,525.472,4,top,False,160.0,,False
90,485,353.29,149.25,15,26,0,0,0,,,,,90,353.2891,149.2459,0,0,,0,,,,0,,,132.599,434.0562,4,top,False,,,False
91,484,268.82,114.26,15,27,0,0,0,,,,,91,268.8204,114.2595,0,0,,0,,,,0,,,132.193,342.6535,4,top,False,,,False
92,483,184.35,79.27,15,28,0,0,0,,,,,92,184.3524,79.2749,0,0,,0,,,,0,,,131.391,251.2362,4,top,False,,,False
93,482,470.01,195.98,15,29,0,0,0,,,,,93,470.0076,195.9825,0,0,,0,,,,0,,,132.911,559.7346,4,top,False,,,False
94,481,385.54,161.0,15,30,2848,2073,2073,133.28185328185327,106.0,176.0,0.7278792134831461,94,385.5391,160.998,0,0,,0,,,,0,,,132.706,468.3114,4,top,False,113.69696969696969,,False
95,480,110.37,48.81,15,31,0,0,0,,,,,95,110.37,48.8092,0,0,,0,,,,0,,,144.013,171.124,4,top,False,,,False
96,479,502.25,207.73,15,32,0,0,0,,,,,96,502.2533,207.729,0,0,,0,,,,0,,,132.96,594.0039,4,top,False,,,False
97,478,301.07,126.02,15,33,0,0,0,,,,,97,301.0708,126.0152,0,0,,0,,,,0,,,132.379,376.8862,4,top,False,,,False
98,477,417.78,172.75,15,34,6849,5941,5941,188.73640167364016,140.0,270.0,0.8674259015914733,98,417.7845,172.7454,0,0,,0,,,,0,,,132.796,502.5742,4,top,False,137.98347107438016,,False
99,476,534.5,219.47,15,35,0,0,0,,,,,99,534.4961,219.4728,0,0,,0,,,,0,,,133.016,628.2759,4,top,False,,,False
100,475,216.6,91.04,15,36,0,0,0,,,,,100,216.603,91.037,0,0,,0,,,,0,,,131.773,285.4729,4,top,False,,,False
101,474,333.32,137.76,15,37,0,0,0,,,,,101,333.3152,137.765,0,0,,0,,,,0,,,132.519,411.1436,4,top,False,,,False
102,473,450.03,184.49,15,38,0,0,0,,,,,102,450.026,184.4902,0,0,,0,,,,0,,,132.866,536.8419,4,top,False,,,False
103,472,248.85,102.79,15,39,0,0,0,,,,,103,248.8458,102.7896,0,0,,0,,,,0,,,132.053,319.7227,4,top,False,,,False
104,471,365.56,149.51,15,40,0,0,0,,,,,104,365.5552,149.5104,0,0,,0,,,,0,,,132.637,445.4081,4,top,False,,,False
105,470,482.26,196.23,15,41,0,0,0,,,,,105,482.2646,196.2323,0,0,,0,,,,0,,,132.927,571.1112,4,top,False,,,False
106,469,132.14,56.07,15,42,0,0,0,,,,,106,132.1373,56.0728,0,0,,0,,,,0,,,130.257,194.0145,4,top,False,,,False
107,468,514.5,207.97,15,43,0,0,0,,,,,107,514.5007,207.9728,0,0,,0,,,,0,,,132.985,605.3846,4,top,False,,,False
108,467,397.79,161.25,15,44,7742,6506,6506,135.91857506361322,106.0,179.0,0.84035133040558,108,397.7919,161.253,0,0,,0,,,,0,,,132.732,479.6778,4,top,False,111.07628865979382,,False
109,466,281.08,114.54,15,45,0,0,0,,,,,109,281.0835,114.5361,0,0,,0,,,,0,,,132.26,353.9704,4,top,False,,,False
110,465,546.73,219.71,15,46,0,0,0,,,,,110,546.7347,219.7111,0,0,,0,,,,0,,,133.031,636.5119,4,top,False,,,False
111,464,430.03,172.99,15,47,14,12,12,197.33333333333334,149.25,248.25,0.8571428571428571,111,430.0258,172.9925,0,0,,0,,,,0,,,132.811,513.9483,4,top,False,136.0,,False
112,463,164.38,67.83,15,48,0,0,0,,,,,112,164.3761,67.8288,0,0,,0,,,,0,,,131.037,228.2752,4,top,False,,,False
113,462,313.32,126.28,15,49,0,0,0,,,,,113,313.3171,126.278,0,0,,0,,,,0,,,132.439,388.2302,4,top,False,,,False
114,461,462.26,184.73,15,50,0,0,0,,,,,114,462.2575,184.7307,0,0,,0,,,,0,,,132.884,548.2195,4,top,False,,,False
115,460,345.55,138.02,15,51,0,0,0,,,,,115,345.5482,138.0173,0,0,,0,,,,0,,,132.563,422.5073,4,top,False,,,False
116,459,494.49,196.47,15,52,0,0,0,,,,,116,494.4877,196.4671,0,0,,0,,,,0,,,132.949,582.493,4,top,False,,,False
117,458,196.61,79.57,15,53,0,0,0,,,,,117,196.6092,79.5745,0,0,,0,,,,0,,,131.527,262.5279,4,top,False,,,False
118,457,526.72,208.2,15,54,0,0,0,,,,,118,526.7163,208.2026,0,0,,0,,,,0,,,133.001,616.7684,4,top,False,,,False
119,456,377.78,149.75,15,55,0,0,0,,,,,119,377.7769,149.7542,0,0,,0,,,,0,,,132.679,456.7782,4,top,False,,,False
120,455,228.84,91.31,15,56,0,0,0,,,,,120,228.8381,91.3143,0,0,,0,,,,0,,,131.873,296.7876,4,top,False,,,False
121,454,410.0,161.49,15,57,94,67,67,128.66666666666666,103.5,153.5,0.7127659574468085,121,410.0043,161.4895,0,0,,0,,,,0,,,132.77,491.0474,4,top,False,118.15384615384616,,False
122,453,261.06,103.05,15,58,0,0,0,,,,,122,261.0647,103.051,0,0,,0,,,,0,,,132.134,331.0554,4,top,False,,,False
123,452,442.23,173.22,15,59,0,0,0,,,,,123,442.2302,173.2231,0,0,,0,,,,0,,,132.837,525.3226,4,top,False,,,False
124,451,293.29,114.78,15,60,0,0,0,,,,,124,293.2894,114.7849,0,0,,0,,,,0,,,132.313,365.3304,4,top,False,,,False
125,450,474.46,184.96,15,61,0,0,0,,,,,125,474.4551,184.9561,0,0,,0,,,,0,,,132.91,559.5948,4,top,False,,,False
126,449,325.51,126.52,15,62,0,0,0,,,,,126,325.513,126.5175,0,0,,0,,,,0,,,132.478,399.602,4,top,False,,,False
127,448,506.68,196.69,15,63,0,0,0,,,,,127,506.6791,196.688,0,0,,0,,,,0,,,132.969,593.8713,4,top,False,,,False
128,575,310.97,158.95,16,0,0,0,0,,,,,128,310.9691,158.9452,0,0,,0,,,,0,,,132.47,400.0437,5,bot,False,,,False
129,574,402.88,205.11,16,1,24054,21641,21641,128.12193995381062,95.0,176.0,0.8996840442338072,129,402.8835,205.1091,58334,56873,0.9749545719477491,56873,447.3427561837456,271.12022630834514,721.7586206896551,50561,445.1814671814672,639.6886396005134,132.795,502.9053,5,bot,False,99.7465564738292,265.2972972972973,True
130,573,494.8,251.27,16,2,0,0,0,,,,,130,494.7985,251.2725,0,0,,0,,,,0,,,132.99,605.7661,5,bot,False,,,False
131,572,291.14,147.51,16,3,0,0,0,,,,,131,291.1408,147.5139,0,0,,0,,,,0,,,132.373,377.1784,5,bot,False,,,False
132,571,383.06,193.67,16,4,28886,22653,22653,114.58396568789179,90.0,150.0,0.7842207297652842,132,383.0551,193.6743,60791,58371,0.9601914757118652,58371,333.3495934959349,199.80864197530863,541.5263157894736,51307,328.4335877862595,491.2054958798033,132.733,480.0419,5,bot,False,98.47372429550647,211.35802469135808,True
133,570,474.97,239.84,16,5,0,0,0,,,,,133,474.9701,239.835,0,0,,0,,,,0,,,132.955,582.9013,5,bot,False,,,False
134,569,199.23,101.36,16,6,0,0,0,,,,,134,199.2298,101.3555,0,0,,0,,,,0,,,131.656,274.3062,5,bot,False,,,False
135,568,271.31,136.08,16,7,0,0,0,,,,,135,271.3081,136.0823,0,0,,0,,,,0,,,132.263,354.3101,5,bot,False,,,False
136,567,363.22,182.24,16,8,0,0,0,,,,,136,363.2228,182.2385,0,0,,0,,,,0,,,132.669,457.1716,5,bot,False,,,False
137,566,455.14,228.4,16,9,2553,2358,2358,171.2405063291139,119.0,252.0,0.9236192714453584,137,455.1383,228.397,2119,2063,0.9735724398301084,2063,548.8421052631579,330.6,926.7272727272727,1526,565.4736842105264,780.5273873000484,132.906,560.0348,5,bot,False,111.91256830601093,364.6666666666667,True
138,565,179.39,89.93,16,10,0,0,0,,,,,138,179.3944,89.9328,0,0,,0,,,,0,,,131.385,251.427,5,bot,False,,,False
139,564,435.3,216.96,16,11,23025,22038,22038,202.319255547602,128.0,288.0,0.9571335504885994,139,435.3034,216.9582,20660,20380,0.9864472410454984,20380,709.679389312977,434.60122699386505,1127.641791044776,17995,713.551724137931,948.5950932286556,132.866,537.1713,5,bot,False,141.72043010752688,563.5555555555555,True
140,563,527.22,263.12,16,12,0,0,0,,,,,140,527.2203,263.1166,0,0,,0,,,,0,,,133.028,636.8739,5,bot,False,,,False
141,562,343.39,170.8,16,13,0,0,0,,,,,141,343.3865,170.8021,0,0,,0,,,,0,,,132.603,434.3055,5,bot,False,,,False
142,561,251.47,124.65,16,14,0,0,0,,,,,142,251.4687,124.6507,0,0,,0,,,,0,,,132.122,331.4331,5,bot,False,,,False
143,560,507.38,251.68,16,15,0,0,0,,,,,143,507.3833,251.6753,0,0,,0,,,,0,,,133.001,617.1677,5,bot,False,,,False
144,559,415.46,205.52,16,16,22339,20166,20166,183.8910394265233,131.0,260.0,0.902726173955862,144,415.4646,205.5186,37098,36179,0.9752277750822148,36179,628.6564885496183,382.0,1015.6567164179104,32473,626.7818930041152,860.1563337847923,132.819,514.3033,5,bot,False,129.6280701754386,435.40000000000003,True
145,558,159.55,78.51,16,17,0,0,0,,,,,145,159.5497,78.5123,0,0,,0,,,,0,,,131.035,228.5525,5,bot,False,,,False
146,557,323.54,159.36,16,18,0,0,0,,,,,146,323.5446,159.3648,0,0,,0,,,,0,,,132.519,411.4345,5,bot,False,,,False
147,556,487.54,240.23,16,19,0,0,0,,,,,147,487.5426,240.2333,0,0,,0,,,,0,,,132.967,594.2998,5,bot,False,,,False
148,555,231.62,113.22,16,20,0,0,0,,,,,148,231.6214,113.2187,0,0,,0,,,,0,,,131.964,308.5556,5,bot,False,,,False
149,554,395.62,194.08,16,21,42494,37867,37867,130.68630028924534,98.0,180.0,0.8911140396291242,149,395.621,194.0778,49404,47722,0.9659541737511133,47722,403.43538767395626,241.2699386503068,651.3617021276596,41636,398.1704781704782,581.9828171493232,132.765,491.4316,5,bot,False,103.66189111747852,229.89473684210526,True
150,553,303.7,147.93,16,22,0,0,0,,,,,150,303.6962,147.927,0,0,,0,,,,0,,,132.425,388.5614,5,bot,False,,,False
151,552,467.7,228.79,16,23,0,0,0,,,,,151,467.6979,228.7903,0,0,,0,,,,0,,,132.928,571.4307,5,bot,False,,,False
152,551,139.69,67.1,16,24,0,0,0,,,,,152,139.6894,67.0966,0,0,,0,,,,0,,,130.567,205.6631,5,bot,False,,,False
153,550,375.77,182.64,16,25,12943,10854,10854,116.45041014168531,89.0,157.0,0.8386000154523681,153,375.772,182.6364,16599,15965,0.9618049280077112,15965,311.360824742268,182.67375886524823,505.8762886597938,13521,303.24102564102566,462.686376448481,132.7,468.559,5,bot,False,94.26980728051392,174.66666666666663,True
154,549,211.76,101.79,16,26,0,0,0,,,,,154,211.7641,101.7869,0,0,,0,,,,0,,,131.766,285.6728,5,bot,False,,,False
155,548,447.85,217.35,16,27,25707,23568,23568,191.53469927296763,132.0,274.0,0.9167930913758898,155,447.8485,217.3458,11708,11464,0.9791595490263068,11464,622.8421052631579,369.34736842105264,1010.6666666666669,10201,620.9444444444445,851.7048150732728,132.884,548.5628,5,bot,False,125.0970464135021,323.6363636363636,True
156,547,519.93,252.06,16,28,0,0,0,,,,,156,519.9252,252.0558,0,0,,0,,,,0,,,133.027,628.5655,5,bot,False,,,False
157,546,283.84,136.49,16,29,0,0,0,,,,,157,283.8403,136.488,0,0,,0,,,,0,,,132.322,365.6792,5,bot,False,,,False
158,545,355.92,171.19,16,30,0,0,0,,,,,158,355.917,171.1932,0,0,,0,,,,0,,,132.634,445.6877,5,bot,False,,,False
159,544,427.99,205.9,16,31,12700,11960,11960,202.56603773584905,141.0,291.0,0.9417322834645669,159,427.994,205.9001,9241,9097,0.9844172708581322,9097,716.3030303030303,440.961038961039,1136.2068965517242,7776,713.1228070175439,955.8065296251513,132.835,525.6925,5,bot,False,138.39228295819936,383.7037037037037,True
160,543,500.07,240.61,16,32,0,0,0,,,,,160,500.0709,240.6084,0,0,,0,,,,0,,,132.987,605.696,5,bot,False,,,False
161,542,191.89,90.36,16,33,0,0,0,,,,,161,191.8934,90.3556,0,0,,0,,,,0,,,131.527,262.7832,5,bot,False,,,False
162,541,263.97,125.05,16,34,0,0,0,,,,,162,263.9748,125.0482,0,0,,0,,,,0,,,132.204,342.7984,5,bot,False,,,False
163,540,408.13,194.45,16,35,35849,33409,33409,161.47611710323574,114.0,228.0,0.9319367346369495,163,408.1335,194.453,27637,26951,0.9751782031334804,26951,517.456,313.3358778625954,840.0900900900901,23524,512.0358744394618,726.8715817594895,132.792,502.8218,5,bot,False,118.95287958115183,328.4848484848485,True
164,539,480.21,229.16,16,36,0,0,0,,,,,164,480.2117,229.1595,0,0,,0,,,,0,,,132.947,582.8259,5,bot,False,,,False
165,538,336.05,159.75,16,37,0,0,0,,,,,165,336.0544,159.7486,0,0,,0,,,,0,,,132.565,422.8108,5,bot,False,,,False
166,537,119.81,55.69,16,38,0,0,0,,,,,166,119.8071,55.688,0,0,,0,,,,0,,,129.907,182.8116,5,bot,False,,,False
167,536,388.27,183.0,16,39,40112,35096,35096,128.70106300233343,97.0,174.0,0.8749501396090945,167,388.2657,183.0042,28831,27716,0.9613263501092574,27716,355.77581120943955,213.2701421800948,573.5730337078652,23912,352.1333333333333,519.5970558522154,132.738,479.9491,5,bot,False,104.85366951823502,216.55172413793105,True
168,535,460.35,217.71,16,40,3130,2939,2939,170.67906976744186,118.0,253.5,0.9389776357827476,168,460.3467,217.7091,114,113,0.9912280701754386,113,590.0,398.0,902.0,109,590.0,778.0884955752213,132.907,559.9562,5,bot,False,115.42857142857143,421.3333333333333,False
169,534,532.43,252.42,16,41,0,0,0,,,,,169,532.4268,252.4152,0,0,,0,,,,0,,,133.034,637.0407,5,bot,False,,,False
170,533,316.18,148.3,16,42,0,0,0,,,,,170,316.1831,148.3025,0,0,,0,,,,0,,,132.48,399.933,5,bot,False,,,False
171,532,244.1,113.61,16,43,0,0,0,,,,,171,244.0974,113.6066,0,0,,0,,,,0,,,132.046,319.9058,5,bot,False,,,False
172,531,172.0,78.92,16,44,0,0,0,,,,,172,172.0044,78.9249,0,0,,0,,,,0,,,131.224,239.8734,5,bot,False,,,False
173,530,512.56,240.96,16,45,0,0,0,,,,,173,512.5581,240.9619,0,0,,0,,,,0,,,133.007,617.0909,5,bot,False,,,False
174,529,440.48,206.26,16,46,15585,14385,14385,203.27485380116957,143.0,290.0,0.9230028873917228,174,440.4752,206.2563,2161,2122,0.981952799629801,2122,693.1428571428571,403.77777777777777,1119.0,1927,702.5263157894736,916.784165881244,132.868,537.0817,5,bot,False,136.38356164383563,414.4,True
175,528,368.39,171.55,16,47,0,0,0,,,,,175,368.39,171.5535,0,0,,0,,,,0,,,132.674,457.0653,5,bot,False,,,False
176,527,296.3,136.85,16,48,0,0,0,,,,,176,296.301,136.8547,0,0,,0,,,,0,,,132.386,377.0409,5,bot,False,,,False
177,526,492.68,229.51,16,49,0,0,0,,,,,177,492.683,229.5066,0,0,,0,,,,0,,,132.966,594.2195,5,bot,False,,,False
178,525,224.2,102.16,16,50,0,0,0,,,,,178,224.2045,102.1643,0,0,,0,,,,0,,,131.873,297.0092,5,bot,False,,,False
179,524,420.6,194.8,16,51,21226,19904,19904,202.11586901763224,143.0,291.0,0.9377178931499105,179,420.5957,194.8022,5386,5273,0.9790196806535464,5273,689.6774193548388,414.5416666666666,1105.0,4834,691.6923076923077,925.6172956571212,132.825,514.201,5,bot,False,138.53443526170798,547.7333333333333,True
180,523,348.5,160.1,16,52,0,0,0,,,,,180,348.5044,160.1005,0,0,,0,,,,0,,,132.602,434.1793,5,bot,False,,,False
181,522,276.41,125.4,16,53,0,0,0,,,,,181,276.4057,125.4044,0,0,,0,,,,0,,,132.259,354.151,5,bot,False,,,False
182,521,472.8,218.05,16,54,0,0,0,,,,,182,472.8009,218.0495,0,0,,0,,,,0,,,132.924,571.3375,5,bot,False,,,False
183,520,400.71,183.35,16,55,33664,30101,30101,133.10943396226415,100.0,182.0,0.894159933460076,183,400.7076,183.3456,7333,7128,0.9720441838265376,7128,402.8108108108109,242.55670103092783,657.8461538461539,6503,399.0344827586207,588.2020202020202,132.763,491.3176,5,bot,False,106.62750333778371,222.2222222222222,True
184,519,328.61,148.65,16,56,0,0,0,,,,,184,328.6075,148.6451,0,0,,0,,,,0,,,132.517,411.2975,5,bot,False,,,False
185,518,525.01,241.3,16,57,0,0,0,,,,,185,525.0057,241.2954,0,0,,0,,,,0,,,133.019,628.4762,5,bot,False,,,False
186,517,452.91,206.59,16,58,15593,14459,14459,165.46598984771575,113.0,242.0,0.9272750593214905,186,452.9108,206.5899,0,0,,0,,,,0,,,132.888,548.4583,5,bot,False,114.35897435897436,,False
187,516,380.81,171.89,16,59,8164,6370,6370,99.70353477765109,76.0,134.0,0.7802547770700637,187,380.8094,171.8864,1516,1464,0.9656992084432716,1464,342.4761904761905,206.51851851851853,568.0,1372,334.8571428571429,493.6065573770492,132.706,468.4374,5,bot,False,85.9585211902615,193.23076923076923,True
188,515,433.01,195.13,16,60,8349,7818,7818,178.0369003690037,123.0,258.0,0.936399568810636,188,433.0117,195.1277,0,0,,0,,,,0,,,132.849,525.5807,5,bot,False,119.29411764705883,,False
189,514,505.11,229.83,16,61,0,0,0,,,,,189,505.1138,229.8337,0,0,,0,,,,0,,,132.988,605.5978,5,bot,False,,,False
190,513,485.21,218.37,16,62,0,0,0,,,,,190,485.2135,218.3691,0,0,,0,,,,0,,,132.95,582.7228,5,bot,False,,,False
191,512,537.42,241.61,16,63,0,0,0,,,,,191,537.4159,241.6109,0,0,,0,,,,0,,,133.036,637.3213,5,bot,False,,,False
192,639,510.32,294.56,17,0,0,0,0,,,,,192,510.3199,294.5593,0,0,,0,,,,0,,,133.041,637.5358,5,top,False,,,False
193,638,470.73,271.7,17,1,0,0,0,,,,,193,470.731,271.7025,0,0,,0,,,,0,,,132.963,594.4374,5,top,False,,,False
194,637,450.94,260.27,17,2,0,0,0,,,,,194,450.9364,260.2742,1,1,1.0,1,564.0,562.0,566.0,0,,564.0,132.931,571.5791,5,top,False,,,False
195,636,431.14,248.85,17,3,11076,10042,10042,211.0371819960861,144.0,314.0,0.906644998194294,195,431.1417,248.8462,40996,40181,0.9801200117084594,40181,810.2391304347826,474.1328125,1348.6373626373625,36658,817.6618357487923,1084.5970981309574,132.89,548.7207,5,top,False,126.912,472.43243243243245,True
196,635,411.35,237.42,17,4,11729,3500,3500,123.63025210084034,97.0,170.0,0.29840566118168643,196,411.3474,237.4175,25093,16192,0.6452795600366636,16192,277.6,135.35222672064776,514.64,13608,252.1818181818182,463.1902173913044,132.842,525.8622,5,top,False,104.69606674612633,67.0958904109589,True
197,634,503.37,283.68,17,5,0,0,0,,,,,197,503.3701,283.6772,0,0,,0,,,,0,,,133.023,628.7253,5,top,False,,,False
198,633,351.96,203.13,17,6,0,0,0,,,,,198,351.9643,203.1326,1,0,0.0,0,,,,0,,,132.673,457.2843,5,top,False,,,False
199,632,483.57,272.25,17,7,0,0,0,,,,,199,483.5741,272.2493,0,0,,0,,,,0,,,132.986,605.8635,5,top,False,,,False
200,631,312.38,180.28,17,8,0,0,0,,,,,200,312.3758,180.2762,0,0,,0,,,,0,,,132.52,411.5656,5,top,False,,,False
201,630,463.78,260.82,17,9,0,0,0,,,,,201,463.7775,260.8215,0,0,,0,,,,0,,,132.952,583.0038,5,top,False,,,False
202,629,443.98,249.39,17,10,367,350,350,194.66666666666666,130.0,289.5,0.9536784741144414,202,443.9808,249.3942,1959,1952,0.9964267483409904,1952,704.5,426.0,1133.3333333333333,582,665.3333333333334,973.0901639344262,132.904,560.1469,5,top,False,120.32000000000001,402.6666666666667,False
203,628,272.79,157.42,17,11,0,0,0,,,,,203,272.7878,157.4203,0,0,,0,,,,0,,,132.326,365.8455,5,top,False,,,False
204,627,424.18,237.97,17,12,18784,17348,17348,199.3953488372093,140.0,292.0,0.9235519591141397,204,424.1838,237.9667,48803,47881,0.9811077187877796,47881,692.28664495114,417.44235924932974,1113.9041095890411,42354,690.0289855072464,931.660658716401,132.864,537.2865,5,top,False,147.24848484848485,422.27848101265823,True
205,626,252.99,145.99,17,13,0,0,0,,,,,205,252.9942,145.992,0,0,,0,,,,0,,,132.196,342.985,5,top,False,,,False
206,625,404.39,226.54,17,14,13468,12052,12052,145.57952468007312,108.0,205.0,0.8948618948618948,206,404.3868,226.5392,59550,57552,0.966448362720403,57552,464.9928057553957,284.07954545454544,744.5313653136532,50999,460.9029850746269,653.995690853489,132.82,514.4259,5,top,False,110.4695652173913,279.4594594594595,True
207,624,384.59,215.11,17,15,17323,12115,12115,128.29955947136563,102.0,173.0,0.6993592333891359,207,384.5895,215.1119,83363,79199,0.9500497822775092,79199,338.37786259541986,203.42604501607715,549.7116104868915,69941,333.5146898803047,494.2169976893648,132.757,491.5663,5,top,False,108.36425531914894,196.87272727272727,True
208,623,213.41,123.14,17,16,0,0,0,,,,,208,213.4071,123.1366,0,0,,0,,,,0,,,131.871,297.2648,5,top,False,,,False
209,622,364.79,203.69,17,17,6918,3496,3496,127.30658105939004,106.0,164.25,0.5053483665799364,209,364.7919,203.6852,34419,32034,0.9307068770156018,32034,246.5908256880734,145.22304283604134,408.4285714285714,27670,242.47540983606555,380.2372479240807,132.706,468.702,5,top,False,116.59276546091016,133.5384615384615,True
210,621,516.16,284.19,17,18,0,0,0,,,,,210,516.1648,284.1931,0,0,,0,,,,0,,,133.037,637.2349,5,top,False,,,False
211,620,344.99,192.26,17,19,0,0,0,,,,,211,344.9941,192.2579,0,0,,0,,,,0,,,132.637,445.8448,5,top,False,,,False
212,619,496.36,272.76,17,20,0,0,0,,,,,212,496.3645,272.7647,0,0,,0,,,,0,,,133.004,617.2701,5,top,False,,,False
213,618,325.2,180.83,17,21,0,0,0,,,,,213,325.1958,180.8313,0,0,,0,,,,0,,,132.563,422.9826,5,top,False,,,False
214,617,476.56,261.34,17,22,0,0,0,,,,,214,476.5642,261.3363,0,0,,0,,,,0,,,132.972,594.4102,5,top,False,,,False
215,616,173.82,100.28,17,23,0,0,0,,,,,215,173.8214,100.2819,0,0,,0,,,,0,,,131.388,251.5458,5,top,False,,,False
216,615,456.76,249.91,17,24,1,0,0,,,,0.0,216,456.7627,249.9082,0,0,,0,,,,0,,,132.932,571.5493,5,top,False,,,False
217,614,305.4,169.4,17,25,0,0,0,,,,,217,305.3971,169.4047,0,0,,0,,,,0,,,132.48,400.1198,5,top,False,,,False
218,613,436.96,238.48,17,26,17543,16287,16287,218.2202247191011,152.0,316.0,0.9284044918200992,218,436.9609,238.4796,49328,48364,0.980457346740188,48364,684.7192429022082,403.9781420765028,1109.9867549668877,44449,680.3139931740615,926.9124141923744,132.883,548.6888,5,top,False,146.30769230769232,318.7368421052632,True
219,612,285.6,157.98,17,27,0,0,0,,,,,219,285.5979,157.9788,0,0,,0,,,,0,,,132.379,377.2573,5,top,False,,,False
220,611,417.16,227.05,17,28,12523,11327,11327,176.67469879518072,129.0,250.0,0.9044957278607363,220,417.1586,227.0515,27275,26625,0.9761686526122824,26625,550.0672268907563,337.64,882.0747663551401,23504,548.2592592592592,762.9723943661971,132.843,525.8294,5,top,False,124.65424430641824,396.7999999999999,True
221,610,265.8,146.55,17,29,0,0,0,,,,,221,265.7979,146.5533,0,0,,0,,,,0,,,132.259,354.3998,5,top,False,,,False
222,609,397.36,215.62,17,30,20947,17766,17766,135.51872871736663,101.0,184.0,0.8481405451854681,222,397.3555,215.6236,72482,70099,0.9671228718854336,70099,394.9802890932983,239.9897119341564,634.5669291338584,61844,389.0311614730878,570.5385240873621,132.8,502.9701,5,top,False,106.57962064402294,242.79069767441857,True
223,608,246.0,135.13,17,31,0,0,0,,,,,223,245.9971,135.1281,0,0,,0,,,,0,,,132.124,331.5393,5,top,False,,,False
224,607,377.55,204.2,17,32,19459,15955,15955,122.00962800875274,97.0,163.0,0.8199290816588725,224,377.5512,204.1957,81127,77358,0.9535419773934696,77358,295.3605560382276,176.1653372008702,484.6075949367088,67006,287.28153380423817,443.3087722019701,132.737,480.1081,5,top,False,104.49478390461996,181.5757575757577,True
225,606,226.2,123.7,17,33,0,0,0,,,,,225,226.1952,123.7039,0,0,,0,,,,0,,,131.968,308.6759,5,top,False,,,False
226,605,509.11,273.25,17,34,0,0,0,,,,,226,509.1055,273.251,0,0,,0,,,,0,,,133.025,628.6794,5,top,False,,,False
227,604,357.75,192.77,17,35,0,0,0,,,,,227,357.7461,192.7676,0,0,,0,,,,0,,,132.667,457.2448,5,top,False,,,False
228,603,489.3,261.82,17,36,0,0,0,,,,,228,489.2988,261.821,0,0,,0,,,,0,,,132.993,605.8185,5,top,False,,,False
229,602,337.94,181.34,17,37,0,0,0,,,,,229,337.94,181.34,0,0,,0,,,,0,,,132.599,434.3842,5,top,False,,,False
230,601,469.49,250.39,17,38,0,0,0,,,,,230,469.4907,250.391,0,0,,0,,,,0,,,132.951,582.9573,5,top,False,,,False
231,600,206.39,112.28,17,39,0,0,0,,,,,231,206.3922,112.2805,0,0,,0,,,,0,,,131.772,285.825,5,top,False,,,False
232,599,449.68,238.96,17,40,536,486,486,165.94285714285715,114.25,238.75,0.9067164179104478,232,449.6822,238.9607,2247,2234,0.9942145082331998,2234,544.8,328.9090909090909,903.6363636363636,1101,518.0,771.9677708146822,132.906,560.0964,5,top,False,106.83870967741936,281.6,True
233,598,318.13,169.91,17,41,0,0,0,,,,,233,318.1322,169.9123,0,0,,0,,,,0,,,132.521,411.5216,5,top,False,,,False
234,597,186.59,100.86,17,42,0,0,0,,,,,234,186.5871,100.8585,0,0,,0,,,,0,,,131.525,262.953,5,top,False,,,False
235,596,429.87,227.53,17,43,12650,11751,11751,213.3294117647059,152.0,306.0,0.9289328063241107,235,429.8721,227.5304,34797,34230,0.983705491852746,34230,669.2190476190476,407.8364312267658,1067.451612903226,30287,663.7129186602872,901.422378030967,132.869,537.234,5,top,False,147.1304347826087,450.4,True
236,595,298.32,158.49,17,44,0,0,0,,,,,236,298.3225,158.485,0,0,,0,,,,0,,,132.432,388.6581,5,top,False,,,False
237,594,166.78,89.44,17,45,0,0,0,,,,,237,166.7797,89.4384,0,0,,0,,,,0,,,131.22,240.1019,5,top,False,,,False
238,593,410.06,216.1,17,46,9523,8434,8434,157.4554707379135,114.25,219.0,0.8856452798487872,238,410.0603,216.0998,50916,49269,0.967652604289418,49269,523.2925170068028,317.174672489083,837.829383886256,44078,519.155672823219,727.660232600621,132.816,514.3706,5,top,False,111.81502890173411,278.1052631578947,True
239,592,521.8,273.71,17,47,0,0,0,,,,,239,521.7991,273.7103,0,0,,0,,,,0,,,133.034,636.9387,5,top,False,,,False
240,591,278.51,147.06,17,48,0,0,0,,,,,240,278.5107,147.0578,0,0,,0,,,,0,,,132.322,365.7878,5,top,False,,,False
241,590,390.25,204.67,17,49,17351,15445,15445,133.77454545454546,103.0,179.0,0.8901504236067086,241,390.247,204.669,70838,68029,0.9603461419012396,68029,373.3906976744186,223.68541666666667,600.8927680798005,60028,368.81971465629056,539.841126578371,132.763,491.5081,5,top,False,108.21233859397418,214.50666666666675,True
242,589,501.98,262.28,17,50,0,0,0,,,,,242,501.9848,262.2779,0,0,,0,,,,0,,,133.0,617.2257,5,top,False,,,False
243,588,370.43,193.24,17,51,6255,4402,4402,114.0,92.0,151.0,0.7037569944044764,243,370.4316,193.2386,27596,26091,0.9454631105957384,26091,281.9033078880407,168.68163265306123,459.8469387755102,22491,276.51428571428573,423.83549883101455,132.7,468.6464,5,top,False,100.920049200492,177.84615384615378,True
244,587,482.17,250.84,17,52,0,0,0,,,,,244,482.1687,250.8449,0,0,,0,,,,0,,,132.962,594.3642,5,top,False,,,False
245,586,258.7,135.63,17,53,0,0,0,,,,,245,258.6967,135.6311,0,0,,0,,,,0,,,132.199,342.9237,5,top,False,,,False
246,585,146.97,78.02,17,54,0,0,0,,,,,246,146.9687,78.0211,0,0,,0,,,,0,,,130.815,217.2158,5,top,False,,,False
247,584,462.35,239.41,17,55,0,0,0,,,,,247,462.351,239.4116,0,0,,0,,,,0,,,132.929,571.4998,5,top,False,,,False
248,583,350.61,181.81,17,56,0,0,0,,,,,248,350.6137,181.8076,0,0,,0,,,,0,,,132.641,445.7803,5,top,False,,,False
249,582,238.88,124.21,17,57,0,0,0,,,,,249,238.8788,124.2051,0,0,,0,,,,0,,,132.047,320.0521,5,top,False,,,False
250,581,442.53,227.98,17,58,17519,15782,15782,168.93959731543623,120.0,243.0,0.90085050516582,250,442.5308,227.9782,30936,30397,0.9825769330230152,30397,649.8860103626943,386.1517857142857,1067.6198347107438,27261,649.3720930232558,893.4433003256901,132.887,548.6375,5,top,False,117.06474820143886,388.3333333333333,True
251,580,127.15,66.61,17,59,0,0,0,,,,,251,127.1522,66.6083,0,0,,0,,,,0,,,130.269,194.3106,5,top,False,,,False
252,579,330.79,170.38,17,60,0,0,0,,,,,252,330.7931,170.3765,0,0,,0,,,,0,,,132.559,422.9095,5,top,False,,,False
253,578,422.71,216.54,17,61,9058,8303,8303,183.2226148409894,128.5,258.0,0.9166482667255464,253,422.7087,216.5437,20146,19830,0.9843145041199246,19830,692.6875,425.9874213836478,1099.658536585366,17736,694.5840707964602,932.515582450832,132.835,525.7714,5,top,False,131.7472118959108,444.95238095238096,True
254,577,219.06,112.78,17,62,0,0,0,,,,,254,219.057,112.7797,0,0,,0,,,,0,,,131.875,297.1773,5,top,False,,,False
255,576,514.62,262.71,17,63,0,0,0,,,,,255,514.6246,262.7091,0,0,,0,,,,0,,,133.022,628.6299,5,top,False,,,False
256,703,398.96,257.7,18,0,2559,2266,2266,171.72602739726028,123.0,247.0,0.8855021492770614,256,398.9561,257.6972,21814,21062,0.9655267259558082,21062,666.0869565217391,405.5329341317365,1059.36,18761,660.992700729927,893.7286107682081,132.846,525.8623,6,bot,False,120.39999999999999,516.0,True
257,702,187.46,121.75,18,1,0,0,0,,,,,257,187.4608,121.753,0,0,,0,,,,0,,,131.656,274.3955,6,bot,False,,,False
258,701,313.02,201.18,18,2,0,0,0,,,,,258,313.0162,201.1795,0,0,,0,,,,0,,,132.56,422.9977,6,bot,False,,,False
259,700,418.77,269.15,18,3,2088,1929,1929,228.6153846153846,153.0,339.0,0.9238505747126436,259,418.7692,269.1467,18265,17920,0.9811114152751164,17920,873.5632183908046,519.8518518518518,1431.36,16294,873.4545454545454,1144.133928571429,132.888,548.7232,6,bot,False,139.71428571428572,500.85714285714283,True
260,699,207.27,133.21,18,4,0,0,0,,,,,260,207.2679,133.2115,0,0,,0,,,,0,,,131.867,297.2624,6,bot,False,,,False
261,698,438.58,280.59,18,5,0,0,0,,,,,261,438.5809,280.594,0,0,,0,,,,0,,,132.931,571.5835,6,bot,False,,,False
262,697,332.83,212.63,18,6,0,0,0,,,,,262,332.8259,212.6284,0,0,,0,,,,0,,,132.638,445.8592,6,bot,False,,,False
263,696,227.07,144.66,18,7,0,0,0,,,,,263,227.073,144.6646,0,0,,0,,,,0,,,132.05,320.1281,6,bot,False,,,False
264,695,458.39,292.04,18,8,0,0,0,,,,,264,458.3912,292.0399,0,0,,0,,,,0,,,132.965,594.4433,6,bot,False,,,False
265,694,352.63,224.08,18,9,1537,863,863,124.34437086092716,102.0,160.0,0.5614834092387768,265,352.6339,224.0761,11878,11016,0.927428860077454,11016,240.6054054054054,141.2330827067669,400.7710843373494,9409,237.8241758241758,374.2062454611474,132.709,468.7211,6,bot,False,114.3,140.97297297297294,True
266,693,246.88,156.11,18,10,0,0,0,,,,,266,246.8768,156.1138,0,0,,0,,,,0,,,132.188,342.9916,6,bot,False,,,False
267,692,478.2,303.48,18,11,0,0,0,,,,,267,478.2004,303.4844,0,0,,0,,,,0,,,133.003,617.3029,6,bot,False,,,False
268,691,372.44,235.52,18,12,5632,3961,3961,125.25827814569536,100.0,168.0,0.7033025568181818,268,372.4408,235.5208,31752,29301,0.9228080120937264,29301,318.7700258397933,187.9962192816635,527.6282051282051,25738,311.4746268656716,475.8424627145831,132.768,491.5808,6,bot,False,107.64218958611482,182.71999999999997,True
269,690,498.01,314.93,18,13,0,0,0,,,,,269,498.0082,314.9279,0,0,,0,,,,0,,,133.03,637.0079,6,bot,False,,,False
270,689,121.33,76.7,18,14,0,0,0,,,,,270,121.3291,76.7049,0,0,,0,,,,0,,,130.261,194.3819,6,bot,False,,,False
271,688,392.25,246.96,18,15,4609,3935,3935,172.1762711864407,127.0,245.0,0.8537643740507702,271,392.2463,246.9646,41362,39332,0.950921135341618,39332,523.125,313.07103825136613,846.635294117647,34670,517.6712328767123,722.9403030611207,132.81,514.4414,6,bot,False,125.53846153846153,322.4727272727273,True
272,687,266.68,167.56,18,16,0,0,0,,,,,272,266.6793,167.5601,0,0,,0,,,,0,,,132.326,365.8536,6,bot,False,,,False
273,686,141.12,88.16,18,17,0,0,0,,,,,273,141.1204,88.1594,0,0,,0,,,,0,,,130.82,217.2459,6,bot,False,,,False
274,685,412.05,258.41,18,18,5004,4586,4586,229.1588785046729,155.0,347.0,0.916466826538769,274,412.0511,258.4066,34866,34074,0.977284460505937,34074,833.1978609625668,506.1495327102804,1343.191489361702,30181,823.8639455782313,1091.8424605270882,132.866,537.3018,6,bot,False,166.74698795180723,546.4186046511628,True
275,684,286.48,179.0,18,19,0,0,0,,,,,275,286.4811,179.004,0,0,,0,,,,0,,,132.431,388.7156,6,bot,False,,,False
276,683,431.85,269.85,18,20,109,105,105,209.6,139.0,323.0,0.963302752293578,276,431.8549,269.8476,965,957,0.9917098445595854,957,677.0,414.0,1199.0,310,640.0,983.067920585162,132.905,560.1602,6,bot,False,134.4,454.22222222222223,False
277,682,160.91,99.61,18,21,0,0,0,,,,,277,160.9131,99.6075,0,0,,0,,,,0,,,131.219,240.1128,6,bot,False,,,False
278,681,306.28,190.45,18,22,0,0,0,,,,,278,306.2821,190.4455,0,0,,0,,,,0,,,132.519,411.5768,6,bot,False,,,False
279,680,451.66,281.29,18,23,0,0,0,,,,,279,451.6582,281.287,0,0,,0,,,,0,,,132.947,583.0189,6,bot,False,,,False
280,679,471.46,292.73,18,24,0,0,0,,,,,280,471.4606,292.7258,0,0,,0,,,,0,,,132.982,605.8781,6,bot,False,,,False
281,678,326.08,201.89,18,25,0,0,0,,,,,281,326.0822,201.8859,0,0,,0,,,,0,,,132.603,434.4372,6,bot,False,,,False
282,677,491.26,304.16,18,26,0,0,0,,,,,282,491.2624,304.1637,0,0,,0,,,,0,,,133.02,628.7364,6,bot,False,,,False
283,676,180.71,111.05,18,27,0,0,0,,,,,283,180.7064,111.0511,0,0,,0,,,,0,,,131.531,262.9752,6,bot,False,,,False
284,675,345.88,213.32,18,28,0,0,0,,,,,284,345.8821,213.3244,0,0,,0,,,,0,,,132.675,457.2964,6,bot,False,,,False
285,674,200.5,122.49,18,29,0,0,0,,,,,285,200.5005,122.4917,0,0,,0,,,,0,,,131.776,285.8392,6,bot,False,,,False
286,673,365.68,224.76,18,30,5835,3738,3738,129.86206896551724,106.0,170.0,0.6406169665809769,286,365.6814,224.762,39637,36946,0.9321088881600524,36946,262.2022471910112,157.1736204576043,434.0494699646644,32027,255.20382165605096,400.8711091863801,132.74,480.1559,6,bot,False,115.00151285930409,160.87671232876724,True
287,672,220.29,133.93,18,31,0,0,0,,,,,287,220.2949,133.9297,0,0,,0,,,,0,,,131.968,308.7024,6,bot,False,,,False
288,671,385.48,236.2,18,32,9194,6510,6510,153.03834808259586,118.0,204.0,0.7080704807483141,288,385.4802,236.1986,46107,42908,0.9306179105125036,42908,388.44243792325057,227.340206185567,628.7450980392156,37822,382.5257985257985,557.6207700195768,132.792,503.0156,6,bot,False,122.08842105263157,213.53513513513514,True
289,670,405.28,247.63,18,33,5455,4866,4866,201.6498054474708,141.0,291.0,0.892025664527956,289,405.2788,247.6348,31435,30387,0.9666613647208524,30387,616.0493827160494,373.3922261484099,991.7943925233644,26717,617.2977777777778,846.2907164247869,132.838,525.8737,6,bot,False,136.72727272727275,401.2549019607843,True
290,669,240.09,145.37,18,34,0,0,0,,,,,290,240.0895,145.3662,0,0,,0,,,,0,,,132.131,331.564,6,bot,False,,,False
291,668,425.08,259.07,18,35,4198,3773,3773,269.33333333333337,184.0,404.0,0.8987613149118628,291,425.0767,259.07,36328,35651,0.9813642369522132,35651,913.3189189189188,534.2053571428571,1494.906976744186,32812,917.2857142857144,1190.0272082129534,132.881,548.7327,6,bot,False,181.45454545454544,563.9420289855072,True
292,667,259.88,156.8,18,36,0,0,0,,,,,292,259.884,156.8017,0,0,,0,,,,0,,,132.258,354.4258,6,bot,False,,,False
293,666,444.87,270.5,18,37,0,0,0,,,,,293,444.8746,270.5046,0,0,,0,,,,0,,,132.929,571.5911,6,bot,False,,,False
294,665,279.68,168.24,18,38,0,0,0,,,,,294,279.6786,168.2358,0,0,,0,,,,0,,,132.377,377.2854,6,bot,False,,,False
295,664,464.67,281.94,18,39,0,0,0,,,,,295,464.6725,281.9385,0,0,,0,,,,0,,,132.971,594.4497,6,bot,False,,,False
296,663,484.47,293.37,18,40,0,0,0,,,,,296,484.4697,293.3725,0,0,,0,,,,0,,,133.003,617.3076,6,bot,False,,,False
297,662,299.47,179.67,18,41,0,0,0,,,,,297,299.4733,179.6695,0,0,,0,,,,0,,,132.48,400.1467,6,bot,False,,,False
298,661,504.27,304.81,18,42,0,0,0,,,,,298,504.2669,304.8057,0,0,,0,,,,0,,,133.035,637.2585,6,bot,False,,,False
299,660,104.54,60.29,18,43,0,0,0,,,,,299,104.5448,60.2851,0,0,,0,,,,0,,,144.006,171.491,6,bot,False,,,False
300,659,319.27,191.1,18,44,0,0,0,,,,,300,319.2679,191.1022,0,0,,0,,,,0,,,132.561,423.0058,6,bot,False,,,False
301,658,114.45,66.0,18,45,0,0,0,,,,,301,114.4485,66.0033,0,0,,0,,,,0,,,129.906,182.9246,6,bot,False,,,False
302,657,339.06,202.53,18,46,0,0,0,,,,,302,339.0627,202.5348,0,0,,0,,,,0,,,132.638,445.8646,6,bot,False,,,False
303,656,358.86,213.97,18,47,2696,1338,1338,136.74418604651163,115.0,172.0,0.49629080118694363,303,358.8578,213.9666,18600,17279,0.928978494623656,17279,253.198606271777,148.74479166666666,417.34782608695656,14655,249.38333333333333,385.2188205335957,132.702,468.7239,6,bot,False,122.7107438016529,135.18367346938777,True
304,655,134.24,77.43,18,48,0,0,0,,,,,304,134.2382,77.4287,0,0,,0,,,,0,,,130.564,205.8029,6,bot,False,,,False
305,654,378.65,225.4,18,49,8586,6202,6202,134.5679676985195,107.0,178.0,0.72233869089215,305,378.6528,225.3981,43571,40354,0.9261664868834776,40354,319.69454545454545,186.72248062015504,519.0747330960854,34818,315.0367346938776,467.1358477474352,132.764,491.5828,6,bot,False,114.05748865355523,175.51515151515147,True
306,653,398.45,236.83,18,50,7234,6157,6157,153.6580310880829,115.0,209.0,0.8511197124688968,306,398.4475,236.8299,42409,40434,0.9534296965266806,40434,447.3860465116279,269.4396551724138,722.7128712871288,34521,440.3076923076923,634.4854330513924,132.813,514.4415,6,bot,False,118.55737704918032,268.0,True
307,652,418.24,248.26,18,51,8213,7458,7458,210.99487179487178,143.0,317.0,0.90807256788019,307,418.2423,248.2607,42410,41506,0.9786842725772223,41506,864.0,518.212389380531,1393.1363636363635,36332,865.8333333333334,1121.0228882571191,132.871,537.3009,6,bot,False,148.3835616438356,650.6666666666667,True
308,651,154.03,88.86,18,52,0,0,0,,,,,308,154.0294,88.855,0,0,,0,,,,0,,,131.038,228.6765,6,bot,False,,,False
309,650,438.04,259.69,18,53,99,91,91,190.4,128.0,283.0,0.9191919191919192,309,438.0372,259.6917,1203,1196,0.9941812136325852,1196,739.2,448.57142857142856,1277.3333333333333,257,666.0,1037.2040133779265,132.908,560.1596,6,bot,False,124.0,372.0,False
310,649,457.83,271.12,18,54,0,0,0,,,,,310,457.832,271.122,0,0,,0,,,,0,,,132.947,583.018,6,bot,False,,,False
311,648,477.63,282.55,18,55,0,0,0,,,,,311,477.6269,282.5526,0,0,,0,,,,0,,,132.986,605.8761,6,bot,False,,,False
312,647,497.42,293.98,18,56,0,0,0,,,,,312,497.4219,293.9826,0,0,,0,,,,0,,,133.017,628.7337,6,bot,False,,,False
313,646,193.61,111.71,18,57,0,0,0,,,,,313,193.614,111.7091,0,0,,0,,,,0,,,131.655,274.399,6,bot,False,,,False
314,645,233.2,134.56,18,58,0,0,0,,,,,314,233.2005,134.5644,0,0,,0,,,,0,,,132.048,320.122,6,bot,False,,,False
315,644,292.58,168.85,18,59,0,0,0,,,,,315,292.5818,168.8482,0,0,,0,,,,0,,,132.422,388.7053,6,bot,False,,,False
316,643,332.17,191.7,18,60,0,0,0,,,,,316,332.1699,191.7046,0,0,,0,,,,0,,,132.601,434.4252,6,bot,False,,,False
317,642,371.76,214.56,18,61,13103,8280,8280,133.04635761589404,112.0,170.0,0.6319163550331985,317,371.7587,214.5609,57649,54714,0.9490884490624296,54714,289.8074454428755,171.89051808406649,476.4367245657569,47348,285.0987821380244,432.5107285155536,132.728,480.1441,6,bot,False,120.16763678696158,173.67741935483875,True
318,641,391.55,225.99,18,62,16610,12299,12299,126.54414414414416,99.0,172.0,0.7404575556893438,318,391.5529,225.9893,52565,49747,0.9463901835822316,49747,397.13380281690144,236.31306990881455,642.6832740213523,43800,393.0,571.2990130058093,132.791,503.0023,6,bot,False,106.71892222902633,231.34426229508188,True
319,640,490.53,283.13,18,63,0,0,0,,,,,319,490.5252,283.131,0,0,,0,,,,0,,,133.008,617.2957,6,bot,False,,,False
320,767,478.02,344.51,19,0,0,0,0,,,,,320,478.0239,344.5066,0,0,,0,,,,0,,,133.034,637.464,6,top,False,,,False
321,766,431.79,310.92,19,1,0,0,0,,,,,321,431.7949,310.9189,0,0,,0,,,,0,,,132.95,582.9138,6,top,False,,,False
322,765,451.67,322.42,19,2,0,0,0,,,,,322,451.6731,322.4204,0,0,,0,,,,0,,,132.989,605.7847,6,top,False,,,False
323,764,385.57,277.33,19,3,0,0,0,,,,,323,385.5659,277.3313,3448,3364,0.9756380510440836,3364,521.4814814814815,311.20000000000005,833.4545454545455,2745,525.2727272727273,731.9548156956005,132.851,525.7707,6,top,False,,361.6,False
324,763,471.54,333.92,19,4,0,0,0,,,,,324,471.5448,333.9159,0,0,,0,,,,0,,,133.023,628.6511,6,top,False,,,False
325,762,405.44,288.83,19,5,0,0,0,,,,,325,405.4419,288.833,2717,2665,0.9808612440191388,2665,637.75,391.7600000000001,1040.875,2241,640.6315789473684,868.9876172607879,132.889,548.6406,6,top,False,,482.66666666666663,False
326,761,339.34,243.74,19,6,0,0,0,,,,,326,339.3373,243.7432,1604,1490,0.928927680798005,1490,297.6842105263158,182.07407407407408,485.45454545454544,1240,287.7037037037037,429.889932885906,132.712,468.6255,6,top,False,,274.54545454545456,False
327,760,425.31,300.33,19,7,0,0,0,,,,,327,425.3107,300.3283,0,0,,0,,,,0,,,132.93,571.5094,6,top,False,,,False
328,759,359.21,255.25,19,8,0,0,0,,,,,328,359.2101,255.2458,8545,8031,0.9398478642480984,8031,345.48936170212767,199.62406015037595,576.5200000000001,7063,339.9012345679012,509.7103723073092,132.763,491.4977,6,top,False,,186.13333333333335,False
329,758,293.11,210.16,19,9,0,0,0,,,,,329,293.1089,210.1559,0,0,,0,,,,0,,,132.524,411.4803,6,top,False,,,False
330,757,379.08,266.74,19,10,0,0,0,,,,,330,379.0752,266.7409,10575,10061,0.9513947990543736,10061,476.77669902912623,284.1384615384616,768.1276595744681,8808,475.7113402061856,668.1892456018288,132.82,514.3663,6,top,False,,291.5,False
331,756,445.17,311.82,19,11,0,0,0,,,,,331,445.1734,311.8177,0,0,,0,,,,0,,,132.973,594.3766,6,top,False,,,False
332,755,312.98,221.66,19,12,0,0,0,,,,,332,312.9774,221.659,0,0,,0,,,,0,,,132.605,434.3541,6,top,False,,,False
333,754,246.88,176.57,19,13,0,0,0,,,,,333,246.881,176.5683,0,0,,0,,,,0,,,132.264,354.3325,6,top,False,,,False
334,753,398.93,278.23,19,14,0,0,0,,,,,334,398.9342,278.2293,6877,6740,0.980078522611604,6740,608.5,367.2131147540984,972.9411764705882,6032,603.1999999999999,833.4421364985163,132.866,537.2352,6,top,False,,358.51851851851853,False
335,752,465.03,323.3,19,15,0,0,0,,,,,335,465.0312,323.302,0,0,,0,,,,0,,,133.001,617.2436,6,top,False,,,False
336,751,332.84,233.15,19,16,0,0,0,,,,,336,332.8381,233.1534,0,0,,0,,,,0,,,132.673,457.225,6,top,False,,,False
337,750,266.74,188.07,19,17,0,0,0,,,,,337,266.7438,188.0722,0,0,,0,,,,0,,,132.379,377.2109,6,top,False,,,False
338,749,200.65,142.98,19,18,0,0,0,,,,,338,200.6533,142.9805,0,0,,0,,,,0,,,131.877,297.1858,6,top,False,,,False
339,748,484.88,334.78,19,19,0,0,0,,,,,339,484.8841,334.782,0,0,,0,,,,0,,,133.028,637.2001,6,top,False,,,False
340,747,418.79,289.71,19,20,0,0,0,,,,,340,418.7875,289.7122,416,415,0.997596153846154,415,686.0,374.0,1109.0,298,701.3333333333333,915.0168674698796,132.905,560.1031,6,top,True,,340.57142857142856,False
341,746,352.69,244.64,19,21,0,0,0,,,,,341,352.6922,244.6405,10066,9399,0.9337373335982516,9399,293.83561643835617,172.77011494252875,483.6666666666667,8140,285.9212598425197,440.5264389828705,132.74,480.0939,6,top,False,,158.46153846153845,False
342,745,286.6,199.57,19,22,0,0,0,,,,,342,286.5984,199.5664,0,0,,0,,,,0,,,132.473,400.0819,6,top,False,,,False
343,744,220.51,154.49,19,23,0,0,0,,,,,343,220.5083,154.4864,0,0,,0,,,,0,,,132.047,320.0648,6,top,False,,,False
344,743,438.64,301.19,19,24,0,0,0,,,,,344,438.6365,301.1902,0,0,,0,,,,0,,,132.95,582.9687,6,top,False,,,False
345,742,154.43,109.39,19,25,0,0,0,,,,,345,154.4273,109.3933,0,0,,0,,,,0,,,131.217,240.0378,6,top,False,,,False
346,741,372.54,256.12,19,26,0,0,0,,,,,346,372.5406,256.1216,16195,15240,0.9410311824637234,15240,409.4634146341463,245.20197044334972,671.8024691358025,13402,401.875,594.6524934383202,132.787,502.9638,6,top,False,,269.3333333333333,False
347,740,306.45,211.05,19,27,0,0,0,,,,,347,306.4464,211.0518,0,0,,0,,,,0,,,132.555,422.9536,6,top,False,,,False
348,739,458.48,312.66,19,28,0,0,0,,,,,348,458.4807,312.6643,0,0,,0,,,,0,,,132.987,605.8336,6,top,False,,,False
349,738,240.35,165.98,19,29,0,0,0,,,,,349,240.3549,165.9796,0,0,,0,,,,0,,,132.2,342.9397,6,top,False,,,False
350,737,392.38,267.6,19,30,0,0,0,,,,,350,392.3838,267.5979,11118,10726,0.964741860046771,10726,609.5058823529412,371.8867924528302,975.0769230769232,9275,605.1267605633802,831.7777363415998,132.844,525.8289,6,top,False,,403.6363636363636,False
351,736,326.29,222.53,19,31,0,0,0,,,,,351,326.2882,222.5308,0,0,,0,,,,0,,,132.643,445.8217,6,top,False,,,False
352,735,478.32,324.13,19,32,0,0,0,,,,,352,478.3213,324.1347,0,0,,0,,,,0,,,133.018,628.6971,6,top,False,,,False
353,734,174.27,120.9,19,33,0,0,0,,,,,353,174.2698,120.9017,0,0,,0,,,,0,,,131.526,262.9179,6,top,False,,,False
354,733,412.22,279.07,19,34,0,0,0,,,,,354,412.2231,279.0691,7981,7845,0.9829595288810926,7845,762.1395348837209,457.20833333333337,1221.6190476190477,7107,761.7435897435897,1013.5000637348628,132.886,548.6939,6,top,False,,507.0,False
355,732,260.19,177.46,19,35,0,0,0,,,,,355,260.1943,177.4633,0,0,,0,,,,0,,,132.319,365.8137,6,top,False,,,False
356,731,108.2,75.81,19,36,0,0,0,,,,,356,108.2044,75.8071,0,0,,0,,,,0,,,129.902,182.917,6,top,False,,,False
357,730,346.13,234.0,19,37,446,315,315,108.67692307692307,91.0,141.5,0.7062780269058296,357,346.1252,234.004,3496,3184,0.9107551487414188,3184,244.7457627118644,145.5757575757576,413.0526315789474,2714,238.46153846153848,389.4396984924623,132.701,468.6896,6,top,False,99.76470588235294,149.7142857142857,False
358,729,432.06,290.54,19,38,0,0,0,,,,,358,432.0584,290.5371,0,0,,0,,,,0,,,132.929,571.5571,6,top,False,,,False
359,728,194.1,132.39,19,39,0,0,0,,,,,359,194.1044,132.3939,0,0,,0,,,,0,,,131.774,285.7977,6,top,False,,,False
360,727,280.03,188.94,19,40,0,0,0,,,,,360,280.0282,188.9392,0,0,,0,,,,0,,,132.432,388.6836,6,top,False,,,False
361,726,365.96,245.47,19,41,1642,1461,1461,120.3152709359606,91.0,163.0,0.889768574908648,361,365.9583,245.4727,15372,14383,0.9356622430392922,14383,334.17341040462424,197.42583732057412,550.1428571428571,12661,326.6368715083799,496.1676979767781,132.762,491.5537,6,top,False,99.03030303030303,194.94736842105263,True
362,725,451.89,302.0,19,42,0,0,0,,,,,362,451.8905,302.0012,0,0,,0,,,,0,,,132.963,594.4198,6,top,False,,,False
363,724,299.86,200.41,19,43,0,0,0,,,,,363,299.8576,200.4088,0,0,,0,,,,0,,,132.525,411.5482,6,top,False,,,False
364,723,385.79,256.94,19,44,1299,1162,1162,168.0842105263158,124.0,235.0,0.8945342571208622,364,385.7876,256.9371,20387,19314,0.9473684210526316,19314,543.0810810810812,322.75935828877004,877.2105263157895,17386,535.223880597015,752.4924924924925,132.823,514.4169,6,top,False,125.0909090909091,303.30434782608694,True
365,722,471.72,313.46,19,45,0,0,0,,,,,365,471.7199,313.4622,0,0,,0,,,,0,,,133.004,617.2818,6,top,False,,,False
366,721,213.93,143.87,19,46,0,0,0,,,,,366,213.9324,143.8748,0,0,,0,,,,0,,,131.962,308.6712,6,top,False,,,False
367,720,128.02,87.32,19,47,0,0,0,,,,,367,128.0242,87.3208,0,0,,0,,,,0,,,130.567,205.7744,6,top,False,,,False
368,719,491.55,324.92,19,48,0,0,0,,,,,368,491.5465,324.9212,0,0,,0,,,,0,,,133.032,636.9883,6,top,False,,,False
369,718,405.61,268.4,19,49,1315,1265,1265,212.93150684931507,147.0,302.0,0.9619771863117871,369,405.6136,268.3982,14282,13966,0.9778742473042992,13966,746.7586206896551,454.5688073394496,1188.7441860465117,12638,748.0481927710844,998.0432478877274,132.864,537.2799,6,top,False,152.75471698113208,515.3846153846154,True
370,717,319.68,211.87,19,50,0,0,0,,,,,370,319.6827,211.8738,0,0,,0,,,,0,,,132.605,434.4143,6,top,False,,,False
371,716,233.76,155.35,19,51,0,0,0,,,,,371,233.7557,155.3466,0,0,,0,,,,0,,,132.124,331.5418,6,top,False,,,False
372,715,425.44,279.86,19,52,44,42,42,154.66666666666666,111.5,232.25,0.9545454545454546,372,425.4372,279.8563,360,350,0.9722222222222222,350,636.0,380.0,1116.0,225,676.0,900.8228571428572,132.906,560.1416,6,top,False,112.0,387.42857142857144,False
373,714,147.84,98.81,19,53,0,0,0,,,,,373,147.8398,98.8111,0,0,,0,,,,0,,,131.028,228.6533,6,top,False,,,False
374,713,339.5,223.33,19,54,0,0,0,,,,,374,339.505,223.334,1,0,0.0,0,,,,0,,,132.68,457.2776,6,top,False,,,False
375,712,445.26,291.31,19,55,0,0,0,,,,,375,445.2584,291.3116,0,0,,0,,,,0,,,132.952,583.0025,6,top,False,,,False
376,711,253.57,166.81,19,56,0,0,0,,,,,376,253.5749,166.8115,0,0,,0,,,,0,,,132.261,354.4083,6,top,False,,,False
377,710,359.32,234.79,19,57,3156,2722,2722,91.54352030947776,70.0,121.0,0.8624841571609633,377,359.3243,234.7913,21824,20107,0.921325146627566,20107,267.32894736842104,156.4129353233831,442.78205128205127,17732,262.81290322580645,407.4061769532999,132.738,480.1394,6,top,False,79.17647058823529,139.5348837209302,True
378,709,465.08,302.76,19,58,0,0,0,,,,,378,465.0774,302.7647,0,0,,0,,,,0,,,132.98,605.8639,6,top,False,,,False
379,708,273.39,178.27,19,59,0,0,0,,,,,379,273.3913,178.2714,0,0,,0,,,,0,,,132.376,377.2716,6,top,False,,,False
380,707,379.14,246.25,19,60,4483,3711,3711,118.55889145496536,88.0,161.0,0.8277938880214142,380,379.1413,246.2453,28964,26863,0.9274616765640104,26863,394.6227106227106,231.3735632183908,644.2463768115941,23733,390.864,565.9911402300562,132.789,503.0019,6,top,False,93.5452865064695,241.91666666666666,True
381,706,484.89,314.22,19,61,0,0,0,,,,,381,484.8946,314.2159,0,0,,0,,,,0,,,133.016,628.7241,6,top,False,,,False
382,705,167.65,110.29,19,62,0,0,0,,,,,382,167.6517,110.2871,0,0,,0,,,,0,,,131.385,251.5279,6,top,False,,,False
383,704,293.2,189.73,19,63,0,0,0,,,,,383,293.205,189.7268,0,0,,0,,,,0,,,132.48,400.1352,6,top,False,,,False
