pad_id,pad_cx,pad_cy,n_track,k_hit,eff,amp_n,amp_med,amp_p25,amp_p75,amp_n_own,amp_med_own,amp_mean
447,144.3471,56.383,0,0,,0,,,,0,,
446,538.9023,208.4196,0,0,,0,,,,0,,
445,357.7356,138.249,0,0,,0,,,,0,,
444,176.5673,68.1079,0,0,,0,,,,0,,
443,389.9576,149.9791,0,0,,0,,,,0,,
442,422.179,161.709,0,0,,0,,,,0,,
441,208.787,79.8333,0,0,,0,,,,0,,
440,454.3997,173.4382,0,0,,0,,,,0,,
439,486.6205,185.1675,0,0,,0,,,,0,,
438,241.0062,91.5587,0,0,,0,,,,0,,
437,518.8405,196.8959,0,0,,0,,,,0,,
436,551.0603,208.6245,0,0,,0,,,,0,,
435,273.2253,103.284,0,0,,0,,,,0,,
434,305.4442,115.01,0,0,,0,,,,0,,
433,337.6629,126.7359,0,0,,0,,,,0,,
432,369.8815,138.4616,0,0,,0,,,,0,,
431,402.1,150.1879,0,0,,0,,,,0,,
430,434.3186,161.9136,0,0,,0,,,,0,,
429,466.5371,173.6401,0,0,,0,,,,0,,
428,498.7553,185.3661,0,0,,0,,,,0,,
427,530.9736,197.0923,0,0,,0,,,,0,,
426,253.1154,91.7747,0,0,,0,,,,0,,
425,285.3339,103.4937,0,0,,0,,,,0,,
424,317.5523,115.2142,0,0,,0,,,,0,,
423,349.7707,126.9359,0,0,,0,,,,0,,
422,381.9891,138.6582,0,0,,0,,,,0,,
421,414.2072,150.3811,0,0,,0,,,,0,,
420,446.4257,162.1048,0,0,,0,,,,0,,
419,478.6436,173.8288,0,0,,0,,,,0,,
418,510.862,185.5531,0,0,,0,,,,0,,
417,543.08,197.2778,0,0,,0,,,,0,,
416,220.8966,80.0583,0,0,,0,,,,0,,
415,188.6776,68.3451,0,0,,0,,,,0,,
414,156.4584,56.6379,0,0,,0,,,,0,,
413,124.238,44.9423,0,0,,0,,,,0,,
412,426.2817,150.5609,0,0,,0,,,,0,,
411,458.5021,162.2831,0,0,,0,,,,0,,
410,490.7221,174.0057,0,0,,0,,,,0,,
409,522.9418,185.7294,0,0,,0,,,,0,,
408,555.1616,197.4525,0,0,,0,,,,0,,
407,394.0613,138.8397,0,0,,0,,,,0,,
406,361.84,127.1193,0,0,,0,,,,0,,
405,329.6184,115.4001,0,0,,0,,,,0,,
404,297.3957,103.6827,0,0,,0,,,,0,,
403,265.1722,91.9671,0,0,,0,,,,0,,
402,232.9471,80.2552,0,0,,0,,,,0,,
401,200.7195,68.5485,0,0,,0,,,,0,,
400,168.4884,56.8501,0,0,,0,,,,0,,
399,136.2509,45.167,0,0,,0,,,,0,,
398,534.9965,185.8953,0,0,,0,,,,0,,
397,502.7736,174.1724,0,0,,0,,,,0,,
396,470.5501,162.4503,0,0,,0,,,,0,,
395,438.326,150.7284,0,0,,0,,,,0,,
394,406.1005,139.0076,0,0,,0,,,,0,,
393,373.874,127.288,0,0,,0,,,,0,,
392,341.646,115.5698,0,0,,0,,,,0,,
391,309.4155,103.8532,0,0,,0,,,,0,,
390,277.1825,92.1395,0,0,,0,,,,0,,
389,547.0273,186.0523,0,0,,0,,,,0,,
388,514.8001,174.329,0,0,,0,,,,0,,
387,482.5717,162.6066,0,0,,0,,,,0,,
386,450.3415,150.885,0,0,,0,,,,0,,
385,418.1098,139.1638,0,0,,0,,,,0,,
384,559.0359,186.2003,0,0,,0,,,,0,,
511,517.5066,230.142,0,0,,0,,,,0,,
510,465.3043,206.9018,0,0,,0,,,,0,,
509,413.1015,183.6627,0,0,,0,,,,0,,
508,497.5873,218.6703,0,0,,0,,,,0,,
507,360.8991,160.4241,0,0,,0,,,,0,,
506,445.3834,195.432,0,0,,0,,,,0,,
505,529.8633,230.433,0,0,,0,,,,0,,
504,308.6966,137.1869,0,0,,0,,,,0,,
503,393.1792,172.1946,0,0,,0,,,,0,,
502,477.6574,207.1948,0,0,,0,,,,0,,
501,256.494,113.9519,0,0,,0,,,,0,,
500,340.9745,148.9585,0,0,,0,,,,0,,
499,425.4505,183.9581,0,0,,0,,,,0,,
498,509.9245,218.9535,0,0,,0,,,,0,,
497,288.7689,125.7253,0,0,,0,,,,0,,
496,373.2427,160.7225,0,0,,0,,,,0,,
495,457.7147,195.7159,0,0,,0,,,,0,,
494,542.1859,230.708,0,0,,0,,,,0,,
493,204.2918,90.7201,0,0,,0,,,,0,,
492,321.033,137.4891,0,0,,0,,,,0,,
491,405.5031,172.48,0,0,,0,,,,0,,
490,489.9731,207.47,0,0,,0,,,,0,,
489,236.5619,102.496,0,0,,0,,,,0,,
488,152.0896,67.4964,0,0,,0,,,,0,,
487,522.2268,219.2207,0,0,,0,,,,0,,
486,437.7578,184.2333,0,0,,0,,,,0,,
485,353.2891,149.2459,0,0,,0,,,,0,,
484,268.8204,114.2595,0,0,,0,,,,0,,
483,184.3524,79.2749,0,0,,0,,,,0,,
482,470.0076,195.9825,0,0,,0,,,,0,,
481,385.5391,160.998,0,0,,0,,,,0,,
480,110.37,48.8092,0,0,,0,,,,0,,
479,502.2533,207.729,0,0,,0,,,,0,,
478,301.0708,126.0152,0,0,,0,,,,0,,
477,417.7845,172.7454,0,0,,0,,,,0,,
476,534.4961,219.4728,0,0,,0,,,,0,,
475,216.603,91.037,0,0,,0,,,,0,,
474,333.3152,137.765,0,0,,0,,,,0,,
473,450.026,184.4902,0,0,,0,,,,0,,
472,248.8458,102.7896,0,0,,0,,,,0,,
471,365.5552,149.5104,0,0,,0,,,,0,,
470,482.2646,196.2323,0,0,,0,,,,0,,
469,132.1373,56.0728,0,0,,0,,,,0,,
468,514.5007,207.9728,0,0,,0,,,,0,,
467,397.7919,161.253,0,0,,0,,,,0,,
466,281.0835,114.5361,0,0,,0,,,,0,,
465,546.7347,219.7111,0,0,,0,,,,0,,
464,430.0258,172.9925,0,0,,0,,,,0,,
463,164.3761,67.8288,0,0,,0,,,,0,,
462,313.3171,126.278,0,0,,0,,,,0,,
461,462.2575,184.7307,0,0,,0,,,,0,,
460,345.5482,138.0173,0,0,,0,,,,0,,
459,494.4877,196.4671,0,0,,0,,,,0,,
458,196.6092,79.5745,0,0,,0,,,,0,,
457,526.7163,208.2026,0,0,,0,,,,0,,
456,377.7769,149.7542,0,0,,0,,,,0,,
455,228.8381,91.3143,0,0,,0,,,,0,,
454,410.0043,161.4895,0,0,,0,,,,0,,
453,261.0647,103.051,0,0,,0,,,,0,,
452,442.2302,173.2231,0,0,,0,,,,0,,
451,293.2894,114.7849,0,0,,0,,,,0,,
450,474.4551,184.9561,0,0,,0,,,,0,,
449,325.513,126.5175,0,0,,0,,,,0,,
448,506.6791,196.688,0,0,,0,,,,0,,
575,310.9691,158.9452,0,0,,0,,,,0,,
574,402.8835,205.1091,58334,56873,0.9749545719477491,56873,447.3427561837456,271.12022630834514,721.7586206896551,50561,445.18146718146716,639.6886396005134
573,494.7985,251.2725,0,0,,0,,,,0,,
572,291.1408,147.5139,0,0,,0,,,,0,,
571,383.0551,193.6743,60791,58371,0.9601914757118652,58371,333.3495934959349,199.80864197530863,541.5263157894736,51307,328.4335877862595,491.2054958798033
570,474.9701,239.835,0,0,,0,,,,0,,
569,199.2298,101.3555,0,0,,0,,,,0,,
568,271.3081,136.0823,0,0,,0,,,,0,,
567,363.2228,182.2385,0,0,,0,,,,0,,
566,455.1383,228.397,2119,2063,0.9735724398301085,2063,548.8421052631579,330.6,926.7272727272727,1526,565.4736842105264,780.5273873000484
565,179.3944,89.9328,0,0,,0,,,,0,,
564,435.3034,216.9582,20660,20380,0.9864472410454985,20380,709.679389312977,434.60122699386505,1127.641791044776,17995,713.551724137931,948.5950932286555
563,527.2203,263.1166,0,0,,0,,,,0,,
562,343.3865,170.8021,0,0,,0,,,,0,,
561,251.4687,124.6507,0,0,,0,,,,0,,
560,507.3833,251.6753,0,0,,0,,,,0,,
559,415.4646,205.5186,37098,36179,0.9752277750822147,36179,628.6564885496183,382.0,1015.6567164179104,32473,626.7818930041152,860.1563337847923
558,159.5497,78.5123,0,0,,0,,,,0,,
557,323.5446,159.3648,0,0,,0,,,,0,,
556,487.5426,240.2333,0,0,,0,,,,0,,
555,231.6214,113.2187,0,0,,0,,,,0,,
554,395.621,194.0778,49404,47722,0.9659541737511133,47722,403.43538767395626,241.26993865030676,651.3617021276596,41636,398.1704781704782,581.9828171493232
553,303.6962,147.927,0,0,,0,,,,0,,
552,467.6979,228.7903,0,0,,0,,,,0,,
551,139.6894,67.0966,0,0,,0,,,,0,,
550,375.772,182.6364,16599,15965,0.9618049280077113,15965,311.360824742268,182.67375886524823,505.87628865979383,13521,303.24102564102566,462.68637644848104
549,211.7641,101.7869,0,0,,0,,,,0,,
548,447.8485,217.3458,11708,11464,0.9791595490263068,11464,622.8421052631579,369.34736842105264,1010.6666666666667,10201,620.9444444444445,851.7048150732728
547,519.9252,252.0558,0,0,,0,,,,0,,
546,283.8403,136.488,0,0,,0,,,,0,,
545,355.917,171.1932,0,0,,0,,,,0,,
544,427.994,205.9001,9241,9097,0.9844172708581322,9097,716.3030303030303,440.961038961039,1136.2068965517242,7776,713.1228070175439,955.8065296251511
543,500.0709,240.6084,0,0,,0,,,,0,,
542,191.8934,90.3556,0,0,,0,,,,0,,
541,263.9748,125.0482,0,0,,0,,,,0,,
540,408.1335,194.453,27637,26951,0.9751782031334805,26951,517.456,313.3358778625954,840.0900900900901,23524,512.0358744394618,726.8715817594895
539,480.2117,229.1595,0,0,,0,,,,0,,
538,336.0544,159.7486,0,0,,0,,,,0,,
537,119.8071,55.688,0,0,,0,,,,0,,
536,388.2657,183.0042,28831,27716,0.9613263501092574,27716,355.77581120943955,213.27014218009478,573.5730337078652,23912,352.1333333333333,519.5970558522154
535,460.3467,217.7091,114,113,0.9912280701754386,113,590.0,398.0,902.0,109,590.0,778.0884955752213
534,532.4268,252.4152,0,0,,0,,,,0,,
533,316.1831,148.3025,0,0,,0,,,,0,,
532,244.0974,113.6066,0,0,,0,,,,0,,
531,172.0044,78.9249,0,0,,0,,,,0,,
530,512.5581,240.9619,0,0,,0,,,,0,,
529,440.4752,206.2563,2161,2122,0.981952799629801,2122,693.1428571428571,403.77777777777777,1119.0,1927,702.5263157894736,916.7841658812441
528,368.39,171.5535,0,0,,0,,,,0,,
527,296.301,136.8547,0,0,,0,,,,0,,
526,492.683,229.5066,0,0,,0,,,,0,,
525,224.2045,102.1643,0,0,,0,,,,0,,
524,420.5957,194.8022,5386,5273,0.9790196806535463,5273,689.6774193548388,414.54166666666663,1105.0,4834,691.6923076923077,925.6172956571212
523,348.5044,160.1005,0,0,,0,,,,0,,
522,276.4057,125.4044,0,0,,0,,,,0,,
521,472.8009,218.0495,0,0,,0,,,,0,,
520,400.7076,183.3456,7333,7128,0.9720441838265376,7128,402.81081081081084,242.55670103092783,657.8461538461539,6503,399.0344827586207,588.2020202020202
519,328.6075,148.6451,0,0,,0,,,,0,,
518,525.0057,241.2954,0,0,,0,,,,0,,
517,452.9108,206.5899,0,0,,0,,,,0,,
516,380.8094,171.8864,1516,1464,0.9656992084432717,1464,342.4761904761905,206.51851851851853,568.0,1372,334.8571428571429,493.60655737704917
515,433.0117,195.1277,0,0,,0,,,,0,,
514,505.1138,229.8337,0,0,,0,,,,0,,
513,485.2135,218.3691,0,0,,0,,,,0,,
512,537.4159,241.6109,0,0,,0,,,,0,,
639,510.3199,294.5593,0,0,,0,,,,0,,
638,470.731,271.7025,0,0,,0,,,,0,,
637,450.9364,260.2742,1,1,1.0,1,564.0,562.0,566.0,0,,564.0
636,431.1417,248.8462,40996,40181,0.9801200117084594,40181,810.2391304347826,474.1328125,1348.6373626373625,36658,817.6618357487923,1084.5970981309574
635,411.3474,237.4175,25093,16192,0.6452795600366636,16192,277.59999999999997,135.35222672064776,514.64,13608,252.1818181818182,463.1902173913044
634,503.3701,283.6772,0,0,,0,,,,0,,
633,351.9643,203.1326,1,0,0.0,0,,,,0,,
632,483.5741,272.2493,0,0,,0,,,,0,,
631,312.3758,180.2762,0,0,,0,,,,0,,
630,463.7775,260.8215,0,0,,0,,,,0,,
629,443.9808,249.3942,1959,1952,0.9964267483409903,1952,704.5,426.0,1133.3333333333333,582,665.3333333333334,973.0901639344262
628,272.7878,157.4203,0,0,,0,,,,0,,
627,424.1838,237.9667,48803,47881,0.9811077187877795,47881,692.28664495114,417.44235924932974,1113.9041095890411,42354,690.0289855072464,931.660658716401
626,252.9942,145.992,0,0,,0,,,,0,,
625,404.3868,226.5392,59550,57552,0.966448362720403,57552,464.9928057553957,284.07954545454544,744.5313653136532,50999,460.9029850746269,653.995690853489
624,384.5895,215.1119,83363,79199,0.9500497822775092,79199,338.37786259541986,203.42604501607715,549.7116104868915,69941,333.5146898803047,494.21699768936475
623,213.4071,123.1366,0,0,,0,,,,0,,
622,364.7919,203.6852,34419,32034,0.9307068770156018,32034,246.5908256880734,145.22304283604134,408.4285714285714,27670,242.47540983606555,380.2372479240807
621,516.1648,284.1931,0,0,,0,,,,0,,
620,344.9941,192.2579,0,0,,0,,,,0,,
619,496.3645,272.7647,0,0,,0,,,,0,,
618,325.1958,180.8313,0,0,,0,,,,0,,
617,476.5642,261.3363,0,0,,0,,,,0,,
616,173.8214,100.2819,0,0,,0,,,,0,,
615,456.7627,249.9082,0,0,,0,,,,0,,
614,305.3971,169.4047,0,0,,0,,,,0,,
613,436.9609,238.4796,49328,48364,0.9804573467401881,48364,684.7192429022082,403.97814207650276,1109.9867549668875,44449,680.3139931740615,926.9124141923745
612,285.5979,157.9788,0,0,,0,,,,0,,
611,417.1586,227.0515,27275,26625,0.9761686526122824,26625,550.0672268907563,337.64,882.0747663551401,23504,548.2592592592592,762.9723943661971
610,265.7979,146.5533,0,0,,0,,,,0,,
609,397.3555,215.6236,72482,70099,0.9671228718854337,70099,394.98028909329827,239.9897119341564,634.5669291338584,61844,389.0311614730878,570.5385240873621
608,245.9971,135.1281,0,0,,0,,,,0,,
607,377.5512,204.1957,81127,77358,0.9535419773934695,77358,295.3605560382276,176.1653372008702,484.60759493670884,67006,287.28153380423817,443.30877220197004
606,226.1952,123.7039,0,0,,0,,,,0,,
605,509.1055,273.251,0,0,,0,,,,0,,
604,357.7461,192.7676,0,0,,0,,,,0,,
603,489.2988,261.821,0,0,,0,,,,0,,
602,337.94,181.34,0,0,,0,,,,0,,
601,469.4907,250.391,0,0,,0,,,,0,,
600,206.3922,112.2805,0,0,,0,,,,0,,
599,449.6822,238.9607,2247,2234,0.9942145082331998,2234,544.8,328.9090909090909,903.6363636363636,1101,518.0,771.9677708146822
598,318.1322,169.9123,0,0,,0,,,,0,,
597,186.5871,100.8585,0,0,,0,,,,0,,
596,429.8721,227.5304,34797,34230,0.9837054918527459,34230,669.2190476190476,407.8364312267658,1067.4516129032259,30287,663.7129186602872,901.422378030967
595,298.3225,158.485,0,0,,0,,,,0,,
594,166.7797,89.4384,0,0,,0,,,,0,,
593,410.0603,216.0998,50916,49269,0.9676526042894179,49269,523.2925170068028,317.174672489083,837.829383886256,44078,519.155672823219,727.660232600621
592,521.7991,273.7103,0,0,,0,,,,0,,
591,278.5107,147.0578,0,0,,0,,,,0,,
590,390.247,204.669,70838,68029,0.9603461419012395,68029,373.3906976744186,223.68541666666667,600.8927680798005,60028,368.81971465629056,539.841126578371
589,501.9848,262.2779,0,0,,0,,,,0,,
588,370.4316,193.2386,27596,26091,0.9454631105957385,26091,281.9033078880407,168.68163265306123,459.8469387755102,22491,276.51428571428573,423.83549883101455
587,482.1687,250.8449,0,0,,0,,,,0,,
586,258.6967,135.6311,0,0,,0,,,,0,,
585,146.9687,78.0211,0,0,,0,,,,0,,
584,462.351,239.4116,0,0,,0,,,,0,,
583,350.6137,181.8076,0,0,,0,,,,0,,
582,238.8788,124.2051,0,0,,0,,,,0,,
581,442.5308,227.9782,30936,30397,0.9825769330230153,30397,649.8860103626943,386.1517857142857,1067.6198347107438,27261,649.3720930232558,893.4433003256901
580,127.1522,66.6083,0,0,,0,,,,0,,
579,330.7931,170.3765,0,0,,0,,,,0,,
578,422.7087,216.5437,20146,19830,0.9843145041199246,19830,692.6875,425.9874213836478,1099.658536585366,17736,694.5840707964602,932.5155824508321
577,219.057,112.7797,0,0,,0,,,,0,,
576,514.6246,262.7091,0,0,,0,,,,0,,
703,398.9561,257.6972,21814,21062,0.9655267259558082,21062,666.0869565217391,405.5329341317365,1059.3600000000001,18761,660.992700729927,893.7286107682081
702,187.4608,121.753,0,0,,0,,,,0,,
701,313.0162,201.1795,0,0,,0,,,,0,,
700,418.7692,269.1467,18265,17920,0.9811114152751164,17920,873.5632183908046,519.8518518518518,1431.3600000000001,16294,873.4545454545454,1144.1339285714287
699,207.2679,133.2115,0,0,,0,,,,0,,
698,438.5809,280.594,0,0,,0,,,,0,,
697,332.8259,212.6284,0,0,,0,,,,0,,
696,227.073,144.6646,0,0,,0,,,,0,,
695,458.3912,292.0399,0,0,,0,,,,0,,
694,352.6339,224.0761,11878,11016,0.9274288600774541,11016,240.6054054054054,141.2330827067669,400.7710843373494,9409,237.8241758241758,374.20624546114743
693,246.8768,156.1138,0,0,,0,,,,0,,
692,478.2004,303.4844,0,0,,0,,,,0,,
691,372.4408,235.5208,31752,29301,0.9228080120937264,29301,318.7700258397933,187.9962192816635,527.6282051282051,25738,311.4746268656716,475.8424627145831
690,498.0082,314.9279,0,0,,0,,,,0,,
689,121.3291,76.7049,0,0,,0,,,,0,,
688,392.2463,246.9646,41362,39332,0.9509211353416179,39332,523.125,313.07103825136613,846.635294117647,34670,517.6712328767123,722.9403030611207
687,266.6793,167.5601,0,0,,0,,,,0,,
686,141.1204,88.1594,0,0,,0,,,,0,,
685,412.0511,258.4066,34866,34074,0.977284460505937,34074,833.1978609625668,506.14953271028037,1343.191489361702,30181,823.8639455782313,1091.8424605270882
684,286.4811,179.004,0,0,,0,,,,0,,
683,431.8549,269.8476,965,957,0.9917098445595854,957,677.0,414.0,1199.0,310,640.0,983.0679205851619
682,160.9131,99.6075,0,0,,0,,,,0,,
681,306.2821,190.4455,0,0,,0,,,,0,,
680,451.6582,281.287,0,0,,0,,,,0,,
679,471.4606,292.7258,0,0,,0,,,,0,,
678,326.0822,201.8859,0,0,,0,,,,0,,
677,491.2624,304.1637,0,0,,0,,,,0,,
676,180.7064,111.0511,0,0,,0,,,,0,,
675,345.8821,213.3244,0,0,,0,,,,0,,
674,200.5005,122.4917,0,0,,0,,,,0,,
673,365.6814,224.762,39637,36946,0.9321088881600524,36946,262.2022471910112,157.1736204576043,434.04946996466435,32027,255.20382165605096,400.8711091863801
672,220.2949,133.9297,0,0,,0,,,,0,,
671,385.4802,236.1986,46107,42908,0.9306179105125035,42908,388.44243792325057,227.340206185567,628.7450980392156,37822,382.5257985257985,557.6207700195768
670,405.2788,247.6348,31435,30387,0.9666613647208525,30387,616.0493827160494,373.3922261484099,991.7943925233645,26717,617.2977777777778,846.2907164247869
669,240.0895,145.3662,0,0,,0,,,,0,,
668,425.0767,259.07,36328,35651,0.9813642369522132,35651,913.3189189189189,534.2053571428571,1494.906976744186,32812,917.2857142857143,1190.0272082129534
667,259.884,156.8017,0,0,,0,,,,0,,
666,444.8746,270.5046,0,0,,0,,,,0,,
665,279.6786,168.2358,0,0,,0,,,,0,,
664,464.6725,281.9385,0,0,,0,,,,0,,
663,484.4697,293.3725,0,0,,0,,,,0,,
662,299.4733,179.6695,0,0,,0,,,,0,,
661,504.2669,304.8057,0,0,,0,,,,0,,
660,104.5448,60.2851,0,0,,0,,,,0,,
659,319.2679,191.1022,0,0,,0,,,,0,,
658,114.4485,66.0033,0,0,,0,,,,0,,
657,339.0627,202.5348,0,0,,0,,,,0,,
656,358.8578,213.9666,18600,17279,0.9289784946236559,17279,253.198606271777,148.74479166666666,417.34782608695656,14655,249.38333333333333,385.2188205335957
655,134.2382,77.4287,0,0,,0,,,,0,,
654,378.6528,225.3981,43571,40354,0.9261664868834776,40354,319.69454545454545,186.72248062015504,519.0747330960854,34818,315.0367346938776,467.1358477474352
653,398.4475,236.8299,42409,40434,0.9534296965266806,40434,447.3860465116279,269.4396551724138,722.7128712871288,34521,440.3076923076923,634.4854330513924
652,418.2423,248.2607,42410,41506,0.9786842725772223,41506,864.0,518.212389380531,1393.1363636363635,36332,865.8333333333334,1121.0228882571193
651,154.0294,88.855,0,0,,0,,,,0,,
650,438.0372,259.6917,1203,1196,0.9941812136325852,1196,739.2,448.57142857142856,1277.3333333333333,257,666.0,1037.2040133779265
649,457.832,271.122,0,0,,0,,,,0,,
648,477.6269,282.5526,0,0,,0,,,,0,,
647,497.4219,293.9826,0,0,,0,,,,0,,
646,193.614,111.7091,0,0,,0,,,,0,,
645,233.2005,134.5644,0,0,,0,,,,0,,
644,292.5818,168.8482,0,0,,0,,,,0,,
643,332.1699,191.7046,0,0,,0,,,,0,,
642,371.7587,214.5609,57649,54714,0.9490884490624295,54714,289.8074454428755,171.89051808406649,476.4367245657569,47348,285.0987821380244,432.5107285155536
641,391.5529,225.9893,52565,49747,0.9463901835822315,49747,397.13380281690144,236.31306990881458,642.6832740213523,43800,393.0,571.2990130058093
640,490.5252,283.131,0,0,,0,,,,0,,
767,478.0239,344.5066,0,0,,0,,,,0,,
766,431.7949,310.9189,0,0,,0,,,,0,,
765,451.6731,322.4204,0,0,,0,,,,0,,
764,385.5659,277.3313,3448,3364,0.9756380510440835,3364,521.4814814814815,311.20000000000005,833.4545454545455,2745,525.2727272727273,731.9548156956005
763,471.5448,333.9159,0,0,,0,,,,0,,
762,405.4419,288.833,2717,2665,0.9808612440191388,2665,637.75,391.76000000000005,1040.875,2241,640.6315789473684,868.9876172607879
761,339.3373,243.7432,1604,1490,0.928927680798005,1490,297.6842105263158,182.07407407407408,485.45454545454544,1240,287.7037037037037,429.88993288590603
760,425.3107,300.3283,0,0,,0,,,,0,,
759,359.2101,255.2458,8545,8031,0.9398478642480983,8031,345.48936170212767,199.62406015037595,576.5200000000001,7063,339.9012345679012,509.71037230730917
758,293.1089,210.1559,0,0,,0,,,,0,,
757,379.0752,266.7409,10575,10061,0.9513947990543735,10061,476.77669902912623,284.13846153846157,768.1276595744681,8808,475.7113402061856,668.1892456018288
756,445.1734,311.8177,0,0,,0,,,,0,,
755,312.9774,221.659,0,0,,0,,,,0,,
754,246.881,176.5683,0,0,,0,,,,0,,
753,398.9342,278.2293,6877,6740,0.9800785226116039,6740,608.5,367.21311475409834,972.9411764705882,6032,603.1999999999999,833.4421364985163
752,465.0312,323.302,0,0,,0,,,,0,,
751,332.8381,233.1534,0,0,,0,,,,0,,
750,266.7438,188.0722,0,0,,0,,,,0,,
749,200.6533,142.9805,0,0,,0,,,,0,,
748,484.8841,334.782,0,0,,0,,,,0,,
747,418.7875,289.7122,416,415,0.9975961538461539,415,686.0,374.0,1109.0,298,701.3333333333333,915.0168674698796
746,352.6922,244.6405,10066,9399,0.9337373335982515,9399,293.83561643835617,172.77011494252875,483.6666666666667,8140,285.9212598425197,440.5264389828705
745,286.5984,199.5664,0,0,,0,,,,0,,
744,220.5083,154.4864,0,0,,0,,,,0,,
743,438.6365,301.1902,0,0,,0,,,,0,,
742,154.4273,109.3933,0,0,,0,,,,0,,
741,372.5406,256.1216,16195,15240,0.9410311824637234,15240,409.4634146341463,245.20197044334975,671.8024691358025,13402,401.875,594.6524934383202
740,306.4464,211.0518,0,0,,0,,,,0,,
739,458.4807,312.6643,0,0,,0,,,,0,,
738,240.3549,165.9796,0,0,,0,,,,0,,
737,392.3838,267.5979,11118,10726,0.964741860046771,10726,609.5058823529412,371.8867924528302,975.0769230769231,9275,605.1267605633802,831.7777363415998
736,326.2882,222.5308,0,0,,0,,,,0,,
735,478.3213,324.1347,0,0,,0,,,,0,,
734,174.2698,120.9017,0,0,,0,,,,0,,
733,412.2231,279.0691,7981,7845,0.9829595288810926,7845,762.1395348837209,457.20833333333337,1221.6190476190477,7107,761.7435897435897,1013.5000637348629
732,260.1943,177.4633,0,0,,0,,,,0,,
731,108.2044,75.8071,0,0,,0,,,,0,,
730,346.1252,234.004,3496,3184,0.9107551487414187,3184,244.74576271186442,145.5757575757576,413.0526315789474,2714,238.46153846153848,389.4396984924623
729,432.0584,290.5371,0,0,,0,,,,0,,
728,194.1044,132.3939,0,0,,0,,,,0,,
727,280.0282,188.9392,0,0,,0,,,,0,,
726,365.9583,245.4727,15372,14383,0.9356622430392922,14383,334.17341040462424,197.42583732057415,550.1428571428571,12661,326.6368715083799,496.16769797677813
725,451.8905,302.0012,0,0,,0,,,,0,,
724,299.8576,200.4088,0,0,,0,,,,0,,
723,385.7876,256.9371,20387,19314,0.9473684210526315,19314,543.0810810810812,322.75935828877004,877.2105263157895,17386,535.223880597015,752.4924924924925
722,471.7199,313.4622,0,0,,0,,,,0,,
721,213.9324,143.8748,0,0,,0,,,,0,,
720,128.0242,87.3208,0,0,,0,,,,0,,
719,491.5465,324.9212,0,0,,0,,,,0,,
718,405.6136,268.3982,14282,13966,0.9778742473042992,13966,746.7586206896551,454.56880733944956,1188.7441860465117,12638,748.0481927710844,998.0432478877274
717,319.6827,211.8738,0,0,,0,,,,0,,
716,233.7557,155.3466,0,0,,0,,,,0,,
715,425.4372,279.8563,360,350,0.9722222222222222,350,636.0,379.99999999999994,1116.0,225,676.0,900.8228571428572
714,147.8398,98.8111,0,0,,0,,,,0,,
713,339.505,223.334,1,0,0.0,0,,,,0,,
712,445.2584,291.3116,0,0,,0,,,,0,,
711,253.5749,166.8115,0,0,,0,,,,0,,
710,359.3243,234.7913,21824,20107,0.9213251466275659,20107,267.32894736842104,156.4129353233831,442.78205128205127,17732,262.81290322580645,407.40617695329985
709,465.0774,302.7647,0,0,,0,,,,0,,
708,273.3913,178.2714,0,0,,0,,,,0,,
707,379.1413,246.2453,28964,26863,0.9274616765640105,26863,394.6227106227106,231.3735632183908,644.2463768115941,23733,390.86400000000003,565.9911402300562
706,484.8946,314.2159,0,0,,0,,,,0,,
705,167.6517,110.2871,0,0,,0,,,,0,,
704,293.205,189.7268,0,0,,0,,,,0,,
831,397.4839,318.3122,0,0,,0,,,,0,,
830,147.3473,118.758,0,0,,0,,,,0,,
829,371.2104,296.2709,0,0,,0,,,,0,,
828,246.1312,196.5036,0,0,,0,,,,0,,
827,121.0825,96.7166,0,0,,0,,,,0,,
826,344.9356,274.2293,0,0,,0,,,,0,,
825,443.7461,351.9483,0,0,,0,,,,0,,
824,219.8564,174.463,0,0,,0,,,,0,,
823,318.6588,252.1869,0,0,,0,,,,0,,
822,417.4688,329.905,0,0,,0,,,,0,,
821,193.5786,152.4219,0,0,,0,,,,0,,
820,292.3797,230.1444,0,0,,0,,,,0,,
819,391.1896,307.8609,0,0,,0,,,,0,,
818,364.9078,285.8163,0,0,,0,,,,0,,
817,463.7216,363.5298,0,0,,0,,,,0,,
816,266.0973,208.1007,0,0,,0,,,,0,,
815,167.2966,130.3805,0,0,,0,,,,0,,
814,437.4387,341.4835,0,0,,0,,,,0,,
813,338.6237,263.7703,0,0,,0,,,,0,,
812,239.8113,186.0563,0,0,,0,,,,0,,
811,411.1528,319.4364,0,0,,0,,,,0,,
810,141.0074,108.3379,0,0,,0,,,,0,,
809,312.3358,241.7235,0,0,,0,,,,0,,
808,384.8645,297.3876,0,0,,0,,,,0,,
807,213.5192,164.0109,0,0,,0,,,,0,,
806,457.395,353.0496,0,0,,0,,,,0,,
805,286.0434,219.6755,0,0,,0,,,,0,,
804,358.5721,275.3375,0,0,,0,,,,0,,
803,431.1032,330.9984,0,0,,0,,,,0,,
802,187.2194,141.963,0,0,,0,,,,0,,
801,259.7452,197.6252,0,0,,0,,,,0,,
800,332.2753,253.2859,66,60,0.9090909090909091,60,320.0,181.33333333333334,496.0,55,294.0,492.1333333333333
799,404.8073,308.9457,0,0,,0,,,,0,,
798,114.7057,86.2957,0,0,,0,,,,0,,
797,305.9728,231.232,0,0,,0,,,,0,,
796,378.5068,286.891,0,0,,0,,,,0,,
795,451.0412,342.5494,0,0,,0,,,,0,,
794,233.4391,175.573,0,0,,0,,,,0,,
793,160.9069,119.9141,0,0,,0,,,,0,,
792,97.5305,71.0754,0,0,,0,,,,0,,
791,424.7378,320.4921,0,0,,0,,,,0,,
790,352.2006,264.8338,1035,986,0.9526570048309179,986,352.0,204.94117647058823,576.6666666666667,923,346.54545454545456,515.3995943204868
789,279.6622,209.1755,0,0,,0,,,,0,,
788,470.969,354.0906,0,0,,0,,,,0,,
787,398.4293,298.432,0,0,,0,,,,0,,
786,207.1214,153.518,0,0,,0,,,,0,,
785,325.8872,242.7739,1,0,0.0,0,,,,0,,
784,444.658,332.0282,0,0,,0,,,,0,,
783,134.5739,97.8619,0,0,,0,,,,0,,
782,253.3418,187.1156,0,0,,0,,,,0,,
781,372.114,276.3692,993,949,0.9556898288016112,949,426.7692307692308,246.0,674.3333333333334,836,428.0,578.8366701791359
780,299.565,220.7103,0,0,,0,,,,0,,
779,418.341,309.9631,0,0,,0,,,,0,,
778,180.7873,131.4582,0,0,,0,,,,0,,
777,464.5685,343.5558,0,0,,0,,,,0,,
776,345.7904,254.3029,3772,3565,0.9451219512195121,3565,345.52941176470586,204.0952380952381,565.8,2956,340.0,496.63169705469846
775,227.0074,165.0512,0,0,,0,,,,0,,
774,392.0166,287.8943,637,617,0.9686028257456829,617,556.6666666666666,349.8,910.0,552,550.0,783.2025931928687
773,273.2309,198.6421,0,0,,0,,,,0,,
772,438.2431,321.4852,0,0,,0,,,,0,,
771,319.4562,232.2321,0,0,,0,,,,0,,
770,365.6826,265.8215,5119,4930,0.9630787263137331,4930,393.65517241379314,239.5068493150685,640.1666666666666,4124,394.0740740740741,563.2892494929006
769,411.9098,299.4105,67,67,1.0,67,642.0,398.0,1130.0,62,632.0,957.5522388059702
768,458.1373,332.9993,0,0,,0,,,,0,,
895,440.8571,390.9432,0,0,,0,,,,0,,
894,408.4578,358.5694,0,0,,0,,,,0,,
893,434.7239,380.6173,0,0,,0,,,,0,,
892,382.192,336.5199,0,0,,0,,,,0,,
891,355.9255,314.469,0,0,,0,,,,0,,
890,329.659,292.4159,0,0,,0,,,,0,,
889,297.256,260.044,0,0,,0,,,,0,,
888,323.5187,282.0929,0,0,,0,,,,0,,
887,349.7814,304.1407,0,0,,0,,,,0,,
886,376.0448,326.1868,0,0,,0,,,,0,,
885,402.3085,348.2318,0,0,,0,,,,0,,
884,428.5718,370.2762,0,0,,0,,,,0,,
883,270.9936,237.9928,0,0,,0,,,,0,,
882,244.732,215.9392,0,0,,0,,,,0,,
881,218.4712,193.8816,0,0,,0,,,,0,,
880,291.0919,249.7057,0,0,,0,,,,0,,
879,317.3526,271.7499,0,0,,0,,,,0,,
878,343.6137,293.7933,0,0,,0,,,,0,,
877,369.8754,315.8358,0,0,,0,,,,0,,
876,396.1375,337.8775,0,0,,0,,,,0,,
875,422.4,359.9191,0,0,,0,,,,0,,
874,448.6628,381.9599,0,0,,0,,,,0,,
873,264.832,227.6609,0,0,,0,,,,0,,
872,238.5729,205.6143,0,0,,0,,,,0,,
871,212.3156,183.5654,0,0,,0,,,,0,,
870,186.0607,161.5136,0,0,,0,,,,0,,
869,159.8089,139.4574,0,0,,0,,,,0,,
868,133.5623,117.3941,0,0,,0,,,,0,,
867,107.3262,95.3177,0,0,,0,,,,0,,
866,416.2069,349.5448,0,0,,0,,,,0,,
865,442.4699,371.5842,0,0,,0,,,,0,,
864,389.9444,327.5051,0,0,,0,,,,0,,
863,363.6818,305.4656,0,0,,0,,,,0,,
862,337.4197,283.4256,0,0,,0,,,,0,,
861,311.1582,261.3851,0,0,,0,,,,0,,
860,284.8972,239.3447,0,0,,0,,,,0,,
859,258.6369,217.3032,0,0,,0,,,,0,,
858,232.3774,195.2616,0,0,,0,,,,0,,
857,206.1191,173.2192,0,0,,0,,,,0,,
856,179.8631,151.175,0,0,,0,,,,0,,
855,436.2555,361.1918,0,0,,0,,,,0,,
854,409.991,339.1532,0,0,,0,,,,0,,
853,153.6099,129.1292,0,0,,0,,,,0,,
852,383.7267,317.1142,0,0,,0,,,,0,,
851,357.4623,295.0753,0,0,,0,,,,0,,
850,127.3615,107.0799,0,0,,0,,,,0,,
849,331.1979,273.0361,0,0,,0,,,,0,,
848,304.9334,250.997,0,0,,0,,,,0,,
847,278.6691,228.958,0,0,,0,,,,0,,
846,456.2853,372.8208,0,0,,0,,,,0,,
845,101.1221,85.0246,0,0,,0,,,,0,,
844,430.0184,350.7817,0,0,,0,,,,0,,
843,252.4046,206.9185,0,0,,0,,,,0,,
842,403.7506,328.7428,0,0,,0,,,,0,,
841,377.4829,306.703,0,0,,0,,,,0,,
840,226.1406,184.8789,0,0,,0,,,,0,,
839,351.2142,284.6636,0,0,,0,,,,0,,
838,199.8759,162.839,0,0,,0,,,,0,,
837,324.945,262.6241,0,0,,0,,,,0,,
836,173.6115,140.799,0,0,,0,,,,0,,
835,450.0279,362.3938,0,0,,0,,,,0,,
834,298.6752,240.584,0,0,,0,,,,0,,
833,423.7565,340.3529,0,0,,0,,,,0,,
832,272.404,218.5438,0,0,,0,,,,0,,
