channel_id,feu,channel,pad_cx,pad_cy,ped_mean,thr_word,thr_adc
447,5,0,144.3471,56.383,380,284,28
446,5,1,538.9023,208.4196,389,283,27
445,5,2,357.7356,138.249,346,283,27
444,5,3,176.5673,68.1079,374,284,28
443,5,4,389.9576,149.9791,346,283,27
442,5,5,422.179,161.709,404,282,26
441,5,6,208.787,79.8333,344,284,28
440,5,7,454.3997,173.4382,380,283,27
439,5,8,486.6205,185.1675,379,283,27
438,5,9,241.0062,91.5587,371,283,27
437,5,10,518.8405,196.8959,367,282,26
436,5,11,551.0603,208.6245,396,282,26
435,5,12,273.2253,103.284,366,283,27
434,5,13,305.4442,115.01,396,283,27
433,5,14,337.6629,126.7359,366,283,27
432,5,15,369.8815,138.4616,372,283,27
431,5,16,402.1,150.1879,385,284,28
430,5,17,434.3186,161.9136,389,283,27
429,5,18,466.5371,173.6401,393,283,27
428,5,19,498.7553,185.3661,373,284,28
427,5,20,530.9736,197.0923,374,284,28
426,5,21,253.1154,91.7747,383,284,28
425,5,22,285.3339,103.4937,380,284,28
424,5,23,317.5523,115.2142,413,284,28
423,5,24,349.7707,126.9359,374,283,27
422,5,25,381.9891,138.6582,376,283,27
421,5,26,414.2072,150.3811,366,284,28
420,5,27,446.4257,162.1048,383,283,27
419,5,28,478.6436,173.8288,384,283,27
418,5,29,510.862,185.5531,399,283,27
417,5,30,543.08,197.2778,398,284,28
416,5,31,220.8966,80.0583,413,284,28
415,5,32,188.6776,68.3451,383,284,28
414,5,33,156.4584,56.6379,386,285,29
413,5,34,124.238,44.9423,378,284,28
412,5,35,426.2817,150.5609,391,283,27
411,5,36,458.5021,162.2831,373,284,28
410,5,37,490.7221,174.0057,417,283,27
409,5,38,522.9418,185.7294,388,283,27
408,5,39,555.1616,197.4525,410,283,27
407,5,40,394.0613,138.8397,352,284,28
406,5,41,361.84,127.1193,405,283,27
405,5,42,329.6184,115.4001,402,283,27
404,5,43,297.3957,103.6827,389,283,27
403,5,44,265.1722,91.9671,392,285,29
402,5,45,232.9471,80.2552,379,284,28
401,5,46,200.7195,68.5485,358,284,28
400,5,47,168.4884,56.8501,383,285,29
399,5,48,136.2509,45.167,358,284,28
398,5,49,534.9965,185.8953,347,281,25
397,5,50,502.7736,174.1724,390,283,27
396,5,51,470.5501,162.4503,417,282,26
395,5,52,438.326,150.7284,377,283,27
394,5,53,406.1005,139.0076,399,282,26
393,5,54,373.874,127.288,366,283,27
392,5,55,341.646,115.5698,351,283,27
391,5,56,309.4155,103.8532,346,283,27
390,5,57,277.1825,92.1395,363,282,26
389,5,58,547.0273,186.0523,351,282,26
388,5,59,514.8001,174.329,363,282,26
387,5,60,482.5717,162.6066,363,282,26
386,5,61,450.3415,150.885,365,282,26
385,5,62,418.1098,139.1638,374,283,27
384,5,63,559.0359,186.2003,382,282,26
511,5,64,517.5066,230.142,289,283,27
510,5,65,465.3043,206.9018,265,284,28
509,5,66,413.1015,183.6627,288,284,28
508,5,67,497.5873,218.6703,315,284,28
507,5,68,360.8991,160.4241,325,283,27
506,5,69,445.3834,195.432,268,283,27
505,5,70,529.8633,230.433,286,282,26
504,5,71,308.6966,137.1869,274,285,29
503,5,72,393.1792,172.1946,302,284,28
502,5,73,477.6574,207.1948,297,283,27
501,5,74,256.494,113.9519,292,285,29
500,5,75,340.9745,148.9585,293,283,27
499,5,76,425.4505,183.9581,310,284,28
498,5,77,509.9245,218.9535,302,283,27
497,5,78,288.7689,125.7253,296,284,28
496,5,79,373.2427,160.7225,290,284,28
495,5,80,457.7147,195.7159,310,285,29
494,5,81,542.1859,230.708,274,284,28
493,5,82,204.2918,90.7201,301,285,29
492,5,83,321.033,137.4891,284,284,28
491,5,84,405.5031,172.48,300,285,29
490,5,85,489.9731,207.47,310,284,28
489,5,86,236.5619,102.496,319,285,29
488,5,87,152.0896,67.4964,285,285,29
487,5,88,522.2268,219.2207,311,284,28
486,5,89,437.7578,184.2333,290,284,28
485,5,90,353.2891,149.2459,308,284,28
484,5,91,268.8204,114.2595,295,285,29
483,5,92,184.3524,79.2749,309,285,29
482,5,93,470.0076,195.9825,307,285,29
481,5,94,385.5391,160.998,291,284,28
480,5,95,110.37,48.8092,299,285,29
479,5,96,502.2533,207.729,303,285,29
478,5,97,301.0708,126.0152,283,283,27
477,5,98,417.7845,172.7454,320,284,28
476,5,99,534.4961,219.4728,315,283,27
475,5,100,216.603,91.037,280,286,30
474,5,101,333.3152,137.765,300,285,29
473,5,102,450.026,184.4902,311,285,29
472,5,103,248.8458,102.7896,314,284,28
471,5,104,365.5552,149.5104,319,285,29
470,5,105,482.2646,196.2323,278,284,28
469,5,106,132.1373,56.0728,330,286,30
468,5,107,514.5007,207.9728,266,284,28
467,5,108,397.7919,161.253,300,285,29
466,5,109,281.0835,114.5361,319,284,28
465,5,110,546.7347,219.7111,291,284,28
464,5,111,430.0258,172.9925,293,284,28
463,5,112,164.3761,67.8288,304,285,29
462,5,113,313.3171,126.278,285,284,28
461,5,114,462.2575,184.7307,307,284,28
460,5,115,345.5482,138.0173,294,283,27
459,5,116,494.4877,196.4671,280,285,29
458,5,117,196.6092,79.5745,283,285,29
457,5,118,526.7163,208.2026,305,284,28
456,5,119,377.7769,149.7542,266,284,28
455,5,120,228.8381,91.3143,276,285,29
454,5,121,410.0043,161.4895,300,284,28
453,5,122,261.0647,103.051,280,285,29
452,5,123,442.2302,173.2231,270,284,28
451,5,124,293.2894,114.7849,291,284,28
450,5,125,474.4551,184.9561,276,283,27
449,5,126,325.513,126.5175,322,284,28
448,5,127,506.6791,196.688,298,283,27
575,5,128,310.9691,158.9452,300,284,28
574,5,129,402.8835,205.1091,279,283,27
573,5,130,494.7985,251.2725,333,283,27
572,5,131,291.1408,147.5139,293,283,27
571,5,132,383.0551,193.6743,347,282,26
570,5,133,474.9701,239.835,306,282,26
569,5,134,199.2298,101.3555,335,284,28
568,5,135,271.3081,136.0823,320,284,28
567,5,136,363.2228,182.2385,316,282,26
566,5,137,455.1383,228.397,303,283,27
565,5,138,179.3944,89.9328,338,283,27
564,5,139,435.3034,216.9582,313,282,26
563,5,140,527.2203,263.1166,345,282,26
562,5,141,343.3865,170.8021,320,284,28
561,5,142,251.4687,124.6507,325,283,27
560,5,143,507.3833,251.6753,322,282,26
559,5,144,415.4646,205.5186,327,284,28
558,5,145,159.5497,78.5123,305,284,28
557,5,146,323.5446,159.3648,354,284,28
556,5,147,487.5426,240.2333,306,283,27
555,5,148,231.6214,113.2187,348,284,28
554,5,149,395.621,194.0778,319,283,27
553,5,150,303.6962,147.927,340,284,28
552,5,151,467.6979,228.7903,345,283,27
551,5,152,139.6894,67.0966,343,285,29
550,5,153,375.772,182.6364,303,283,27
549,5,154,211.7641,101.7869,351,284,28
548,5,155,447.8485,217.3458,319,283,27
547,5,156,519.9252,252.0558,334,284,28
546,5,157,283.8403,136.488,332,285,29
545,5,158,355.917,171.1932,350,283,27
544,5,159,427.994,205.9001,343,283,27
543,5,160,500.0709,240.6084,339,283,27
542,5,161,191.8934,90.3556,328,284,28
541,5,162,263.9748,125.0482,325,284,28
540,5,163,408.1335,194.453,291,283,27
539,5,164,480.2117,229.1595,331,283,27
538,5,165,336.0544,159.7486,324,283,27
537,5,166,119.8071,55.688,352,284,28
536,5,167,388.2657,183.0042,334,283,27
535,5,168,460.3467,217.7091,330,283,27
534,5,169,532.4268,252.4152,319,282,26
533,5,170,316.1831,148.3025,355,284,28
532,5,171,244.0974,113.6066,321,283,27
531,5,172,172.0044,78.9249,331,285,29
530,5,173,512.5581,240.9619,296,282,26
529,5,174,440.4752,206.2563,329,284,28
528,5,175,368.39,171.5535,340,283,27
527,5,176,296.301,136.8547,306,283,27
526,5,177,492.683,229.5066,323,282,26
525,5,178,224.2045,102.1643,382,284,28
524,5,179,420.5957,194.8022,322,283,27
523,5,180,348.5044,160.1005,312,283,27
522,5,181,276.4057,125.4044,323,283,27
521,5,182,472.8009,218.0495,316,283,27
520,5,183,400.7076,183.3456,290,283,27
519,5,184,328.6075,148.6451,332,283,27
518,5,185,525.0057,241.2954,322,282,26
517,5,186,452.9108,206.5899,335,282,26
516,5,187,380.8094,171.8864,297,282,26
515,5,188,433.0117,195.1277,310,282,26
514,5,189,505.1138,229.8337,289,282,26
513,5,190,485.2135,218.3691,319,283,27
512,5,191,537.4159,241.6109,269,283,27
639,5,192,510.3199,294.5593,281,284,28
638,5,193,470.731,271.7025,290,283,27
637,5,194,450.9364,260.2742,251,284,28
636,5,195,431.1417,248.8462,224,283,27
635,5,196,411.3474,237.4175,276,285,29
634,5,197,503.3701,283.6772,272,283,27
633,5,198,351.9643,203.1326,275,284,28
632,5,199,483.5741,272.2493,268,284,28
631,5,200,312.3758,180.2762,267,284,28
630,5,201,463.7775,260.8215,278,283,27
629,5,202,443.9808,249.3942,282,283,27
628,5,203,272.7878,157.4203,267,284,28
627,5,204,424.1838,237.9667,263,283,27
626,5,205,252.9942,145.992,258,284,28
625,5,206,404.3868,226.5392,270,284,28
624,5,207,384.5895,215.1119,288,283,27
623,5,208,213.4071,123.1366,289,285,29
622,5,209,364.7919,203.6852,285,284,28
621,5,210,516.1648,284.1931,291,285,29
620,5,211,344.9941,192.2579,308,284,28
619,5,212,496.3645,272.7647,279,284,28
618,5,213,325.1958,180.8313,313,284,28
617,5,214,476.5642,261.3363,303,284,28
616,5,215,173.8214,100.2819,295,285,29
615,5,216,456.7627,249.9082,294,284,28
614,5,217,305.3971,169.4047,297,284,28
613,5,218,436.9609,238.4796,319,284,28
612,5,219,285.5979,157.9788,276,284,28
611,5,220,417.1586,227.0515,307,284,28
610,5,221,265.7979,146.5533,296,284,28
609,5,222,397.3555,215.6236,293,284,28
608,5,223,245.9971,135.1281,305,284,28
607,5,224,377.5512,204.1957,316,285,29
606,5,225,226.1952,123.7039,323,284,28
605,5,226,509.1055,273.251,298,284,28
604,5,227,357.7461,192.7676,275,284,28
603,5,228,489.2988,261.821,293,284,28
602,5,229,337.94,181.34,304,284,28
601,5,230,469.4907,250.391,293,284,28
600,5,231,206.3922,112.2805,306,285,29
599,5,232,449.6822,238.9607,309,284,28
598,5,233,318.1322,169.9123,276,284,28
597,5,234,186.5871,100.8585,291,286,30
596,5,235,429.8721,227.5304,295,284,28
595,5,236,298.3225,158.485,312,285,29
594,5,237,166.7797,89.4384,268,285,29
593,5,238,410.0603,216.0998,287,285,29
592,5,239,521.7991,273.7103,295,284,28
591,5,240,278.5107,147.0578,271,284,28
590,5,241,390.247,204.669,262,283,27
589,5,242,501.9848,262.2779,283,283,27
588,5,243,370.4316,193.2386,272,284,28
587,5,244,482.1687,250.8449,263,284,28
586,5,245,258.6967,135.6311,261,283,27
585,5,246,146.9687,78.0211,266,284,28
584,5,247,462.351,239.4116,279,285,29
583,5,248,350.6137,181.8076,280,284,28
582,5,249,238.8788,124.2051,291,284,28
581,5,250,442.5308,227.9782,277,284,28
580,5,251,127.1522,66.6083,270,284,28
579,5,252,330.7931,170.3765,282,284,28
578,5,253,422.7087,216.5437,274,284,28
577,5,254,219.057,112.7797,283,284,28
576,5,255,514.6246,262.7091,251,284,28
703,5,256,398.9561,257.6972,276,284,28
702,5,257,187.4608,121.753,316,284,28
701,5,258,313.0162,201.1795,275,284,28
700,5,259,418.7692,269.1467,303,283,27
699,5,260,207.2679,133.2115,289,284,28
698,5,261,438.5809,280.594,310,283,27
697,5,262,332.8259,212.6284,296,284,28
696,5,263,227.073,144.6646,296,283,27
695,5,264,458.3912,292.0399,286,283,27
694,5,265,352.6339,224.0761,300,283,27
693,5,266,246.8768,156.1138,307,284,28
692,5,267,478.2004,303.4844,310,283,27
691,5,268,372.4408,235.5208,306,284,28
690,5,269,498.0082,314.9279,303,283,27
689,5,270,121.3291,76.7049,322,284,28
688,5,271,392.2463,246.9646,291,282,26
687,5,272,266.6793,167.5601,320,284,28
686,5,273,141.1204,88.1594,335,285,29
685,5,274,412.0511,258.4066,301,284,28
684,5,275,286.4811,179.004,323,284,28
683,5,276,431.8549,269.8476,316,284,28
682,5,277,160.9131,99.6075,330,285,29
681,5,278,306.2821,190.4455,312,284,28
680,5,279,451.6582,281.287,340,285,29
679,5,280,471.4606,292.7258,338,284,28
678,5,281,326.0822,201.8859,337,284,28
677,5,282,491.2624,304.1637,301,284,28
676,5,283,180.7064,111.0511,322,284,28
675,5,284,345.8821,213.3244,295,283,27
674,5,285,200.5005,122.4917,324,285,29
673,5,286,365.6814,224.762,330,284,28
672,5,287,220.2949,133.9297,347,283,27
671,5,288,385.4802,236.1986,329,283,27
670,5,289,405.2788,247.6348,332,284,28
669,5,290,240.0895,145.3662,326,285,29
668,5,291,425.0767,259.07,301,284,28
667,5,292,259.884,156.8017,342,284,28
666,5,293,444.8746,270.5046,325,284,28
665,5,294,279.6786,168.2358,335,284,28
664,5,295,464.6725,281.9385,314,284,28
663,5,296,484.4697,293.3725,336,284,28
662,5,297,299.4733,179.6695,327,284,28
661,5,298,504.2669,304.8057,311,283,27
660,5,299,104.5448,60.2851,309,284,28
659,5,300,319.2679,191.1022,310,284,28
658,5,301,114.4485,66.0033,312,285,29
657,5,302,339.0627,202.5348,301,284,28
656,5,303,358.8578,213.9666,313,284,28
655,5,304,134.2382,77.4287,320,285,29
654,5,305,378.6528,225.3981,306,283,27
653,5,306,398.4475,236.8299,296,283,27
652,5,307,418.2423,248.2607,309,282,26
651,5,308,154.0294,88.855,291,284,28
650,5,309,438.0372,259.6917,273,282,26
649,5,310,457.832,271.122,279,283,27
648,5,311,477.6269,282.5526,295,282,26
647,5,312,497.4219,293.9826,280,283,27
646,5,313,193.614,111.7091,280,283,27
645,5,314,233.2005,134.5644,279,284,28
644,5,315,292.5818,168.8482,268,283,27
643,5,316,332.1699,191.7046,293,284,28
642,5,317,371.7587,214.5609,297,282,26
641,5,318,391.5529,225.9893,270,283,27
640,5,319,490.5252,283.131,304,283,27
767,5,320,478.0239,344.5066,314,284,28
766,5,321,431.7949,310.9189,345,283,27
765,5,322,451.6731,322.4204,289,283,27
764,5,323,385.5659,277.3313,338,284,28
763,5,324,471.5448,333.9159,320,284,28
762,5,325,405.4419,288.833,332,283,27
761,5,326,339.3373,243.7432,288,284,28
760,5,327,425.3107,300.3283,280,283,27
759,5,328,359.2101,255.2458,294,284,28
758,5,329,293.1089,210.1559,338,283,27
757,5,330,379.0752,266.7409,306,284,28
756,5,331,445.1734,311.8177,309,284,28
755,5,332,312.9774,221.659,289,284,28
754,5,333,246.881,176.5683,342,284,28
753,5,334,398.9342,278.2293,333,284,28
752,5,335,465.0312,323.302,339,283,27
751,5,336,332.8381,233.1534,320,286,30
750,5,337,266.7438,188.0722,303,284,28
749,5,338,200.6533,142.9805,308,286,30
748,5,339,484.8841,334.782,338,284,28
747,5,340,418.7875,289.7122,312,284,28
746,5,341,352.6922,244.6405,348,284,28
745,5,342,286.5984,199.5664,308,285,29
744,5,343,220.5083,154.4864,343,284,28
743,5,344,438.6365,301.1902,322,284,28
742,5,345,154.4273,109.3933,346,285,29
741,5,346,372.5406,256.1216,344,285,29
740,5,347,306.4464,211.0518,346,283,27
739,5,348,458.4807,312.6643,321,285,29
738,5,349,240.3549,165.9796,326,285,29
737,5,350,392.3838,267.5979,331,285,29
736,5,351,326.2882,222.5308,317,285,29
735,5,352,478.3213,324.1347,316,284,28
734,5,353,174.2698,120.9017,347,284,28
733,5,354,412.2231,279.0691,328,284,28
732,5,355,260.1943,177.4633,331,284,28
731,5,356,108.2044,75.8071,340,285,29
730,5,357,346.1252,234.004,325,285,29
729,5,358,432.0584,290.5371,326,285,29
728,5,359,194.1044,132.3939,341,284,28
727,5,360,280.0282,188.9392,307,286,30
726,5,361,365.9583,245.4727,326,285,29
725,5,362,451.8905,302.0012,314,285,29
724,5,363,299.8576,200.4088,370,284,28
723,5,364,385.7876,256.9371,293,285,29
722,5,365,471.7199,313.4622,315,284,28
721,5,366,213.9324,143.8748,339,286,30
720,5,367,128.0242,87.3208,340,286,30
719,5,368,491.5465,324.9212,320,283,27
718,5,369,405.6136,268.3982,307,283,27
717,5,370,319.6827,211.8738,324,284,28
716,5,371,233.7557,155.3466,316,284,28
715,5,372,425.4372,279.8563,327,286,30
714,5,373,147.8398,98.8111,322,285,29
713,5,374,339.505,223.334,295,285,29
712,5,375,445.2584,291.3116,311,284,28
711,5,376,253.5749,166.8115,304,284,28
710,5,377,359.3243,234.7913,364,284,28
709,5,378,465.0774,302.7647,285,283,27
708,5,379,273.3913,178.2714,297,284,28
707,5,380,379.1413,246.2453,300,283,27
706,5,381,484.8946,314.2159,352,283,27
705,5,382,167.6517,110.2871,312,286,30
704,5,383,293.205,189.7268,306,284,28
831,5,384,397.4839,318.3122,296,284,28
830,5,385,147.3473,118.758,344,284,28
829,5,386,371.2104,296.2709,316,284,28
828,5,387,246.1312,196.5036,318,285,29
827,5,388,121.0825,96.7166,323,284,28
826,5,389,344.9356,274.2293,305,284,28
825,5,390,443.7461,351.9483,268,283,27
824,5,391,219.8564,174.463,326,284,28
823,5,392,318.6588,252.1869,295,284,28
822,5,393,417.4688,329.905,319,283,27
821,5,394,193.5786,152.4219,275,284,28
820,5,395,292.3797,230.1444,310,284,28
819,5,396,391.1896,307.8609,269,284,28
818,5,397,364.9078,285.8163,321,284,28
817,5,398,463.7216,363.5298,288,283,27
816,5,399,266.0973,208.1007,320,284,28
815,5,400,167.2966,130.3805,297,286,30
814,5,401,437.4387,341.4835,316,284,28
813,5,402,338.6237,263.7703,302,285,29
812,5,403,239.8113,186.0563,335,284,28
811,5,404,411.1528,319.4364,302,284,28
810,5,405,141.0074,108.3379,336,286,30
809,5,406,312.3358,241.7235,294,285,29
808,5,407,384.8645,297.3876,312,284,28
807,5,408,213.5192,164.0109,291,284,28
806,5,409,457.395,353.0496,333,284,28
805,5,410,286.0434,219.6755,283,284,28
804,5,411,358.5721,275.3375,340,285,29
803,5,412,431.1032,330.9984,300,284,28
802,5,413,187.2194,141.963,338,284,28
801,5,414,259.7452,197.6252,296,284,28
800,5,415,332.2753,253.2859,342,284,28
799,5,416,404.8073,308.9457,298,284,28
798,5,417,114.7057,86.2957,334,285,29
797,5,418,305.9728,231.232,317,286,30
796,5,419,378.5068,286.891,328,283,27
795,5,420,451.0412,342.5494,278,284,28
794,5,421,233.4391,175.573,342,284,28
793,5,422,160.9069,119.9141,312,285,29
792,5,423,97.5305,71.0754,334,284,28
791,5,424,424.7378,320.4921,315,284,28
790,5,425,352.2006,264.8338,331,284,28
789,5,426,279.6622,209.1755,326,285,29
788,5,427,470.969,354.0906,317,284,28
787,5,428,398.4293,298.432,279,284,28
786,5,429,207.1214,153.518,327,284,28
785,5,430,325.8872,242.7739,286,284,28
784,5,431,444.658,332.0282,320,284,28
783,5,432,134.5739,97.8619,292,284,28
782,5,433,253.3418,187.1156,303,284,28
781,5,434,372.114,276.3692,294,283,27
780,5,435,299.565,220.7103,324,284,28
779,5,436,418.341,309.9631,264,284,28
778,5,437,180.7873,131.4582,305,284,28
777,5,438,464.5685,343.5558,317,283,27
776,5,439,345.7904,254.3029,338,283,27
775,5,440,227.0074,165.0512,292,284,28
774,5,441,392.0166,287.8943,327,283,27
773,5,442,273.2309,198.6421,319,284,28
772,5,443,438.2431,321.4852,321,282,26
771,5,444,319.4562,232.2321,307,284,28
770,5,445,365.6826,265.8215,324,283,27
769,5,446,411.9098,299.4105,297,283,27
768,5,447,458.1373,332.9993,308,283,27
895,5,448,440.8571,390.9432,344,283,27
894,5,449,408.4578,358.5694,366,284,28
893,5,450,434.7239,380.6173,332,284,28
892,5,451,382.192,336.5199,343,283,27
891,5,452,355.9255,314.469,308,283,27
890,5,453,329.659,292.4159,332,284,28
889,5,454,297.256,260.044,358,284,28
888,5,455,323.5187,282.0929,343,284,28
887,5,456,349.7814,304.1407,325,284,28
886,5,457,376.0448,326.1868,341,283,27
885,5,458,402.3085,348.2318,336,284,28
884,5,459,428.5718,370.2762,346,283,27
883,5,460,270.9936,237.9928,353,284,28
882,5,461,244.732,215.9392,361,284,28
881,5,462,218.4712,193.8816,334,284,28
880,5,463,291.0919,249.7057,371,284,28
879,5,464,317.3526,271.7499,327,285,29
878,5,465,343.6137,293.7933,343,284,28
877,5,466,369.8754,315.8358,337,285,29
876,5,467,396.1375,337.8775,364,284,28
875,5,468,422.4,359.9191,337,284,28
874,5,469,448.6628,381.9599,353,284,28
873,5,470,264.832,227.6609,338,285,29
872,5,471,238.5729,205.6143,340,285,29
871,5,472,212.3156,183.5654,360,285,29
870,5,473,186.0607,161.5136,348,285,29
869,5,474,159.8089,139.4574,346,286,30
868,5,475,133.5623,117.3941,348,285,29
867,5,476,107.3262,95.3177,362,285,29
866,5,477,416.2069,349.5448,397,284,28
865,5,478,442.4699,371.5842,377,285,29
864,5,479,389.9444,327.5051,373,283,27
863,5,480,363.6818,305.4656,338,285,29
862,5,481,337.4197,283.4256,360,284,28
861,5,482,311.1582,261.3851,352,284,28
860,5,483,284.8972,239.3447,357,284,28
859,5,484,258.6369,217.3032,340,285,29
858,5,485,232.3774,195.2616,371,285,29
857,5,486,206.1191,173.2192,357,285,29
856,5,487,179.8631,151.175,347,285,29
855,5,488,436.2555,361.1918,366,285,29
854,5,489,409.991,339.1532,363,284,28
853,5,490,153.6099,129.1292,359,285,29
852,5,491,383.7267,317.1142,357,283,27
851,5,492,357.4623,295.0753,334,285,29
850,5,493,127.3615,107.0799,347,286,30
849,5,494,331.1979,273.0361,357,285,29
848,5,495,304.9334,250.997,374,284,28
847,5,496,278.6691,228.958,337,285,29
846,5,497,456.2853,372.8208,352,284,28
845,5,498,101.1221,85.0246,336,285,29
844,5,499,430.0184,350.7817,311,283,27
843,5,500,252.4046,206.9185,334,284,28
842,5,501,403.7506,328.7428,359,283,27
841,5,502,377.4829,306.703,342,284,28
840,5,503,226.1406,184.8789,339,284,28
839,5,504,351.2142,284.6636,325,285,29
838,5,505,199.8759,162.839,378,285,29
837,5,506,324.945,262.6241,318,284,28
836,5,507,173.6115,140.799,341,284,28
835,5,508,450.0279,362.3938,340,284,28
834,5,509,298.6752,240.584,342,284,28
833,5,510,423.7565,340.3529,325,284,28
832,5,511,272.404,218.5438,324,284,28
