run,sub,vmm_source,trigger_vmm,trigger_ch,n_dream_events,n_dream_covered,n_vmm_triggers,n_matched,match_frac_dream,match_frac_covered,vmm_unmatched_frac,drift_ppm,offset_s,residual_rms_ns,residual_med_ns,n_spills,lock_sigma,status
run_21,nominal_00,pcapng,0,44,977867,968956,1180032,41638,0.0425804,0.0429504,0.964715,-0.00391821,3.62359,1049.31,2.27247,20,6.71938,FAIL
run_24,nominal_00,pcapng,0,44,10249473,10202284,12908299,457613,0.0446475,0.044854,0.964549,0.0185108,11.1188,1048.64,-1.02698,216,6.42811,FAIL
run_24,nominal_01,pcapng,0,44,10178620,10174545,12793798,447504,0.0439651,0.0439827,0.965022,0.0181278,-4.20467,1049.92,1.4241,215,6.55764,FAIL
run_24,nominal_02,pcapng,0,44,10199188,10036831,12714905,429522,0.0421134,0.0427946,0.966219,0.0181281,-48.5745,1049.86,-0.958618,210,6.70844,FAIL
run_24,nominal_03,pcapng,0,44,10285221,10250664,12785141,456134,0.0443485,0.044498,0.964323,-0.00186985,-7.44826,1049.39,-0.508545,217,6.65386,FAIL
run_24,nominal_04,pcapng,0,44,10343341,10063596,12833342,450173,0.043523,0.0447324,0.964922,0.0188155,75.9366,1051.86,-1.25537,212,6.9746,FAIL
run_24,nominal_05,pcapng,0,44,10366243,10271190,12855955,460207,0.0443948,0.0448056,0.964203,0.0103808,-23.8656,1051.17,-2.95557,215,6.93066,FAIL
run_24,nominal_06,pcapng,0,44,9879768,9736838,12196821,433218,0.043849,0.0444927,0.964481,0.00614859,-40.6746,1052.65,1.59546,201,6.74603,FAIL
run_24,nominal_07,pcapng,0,44,8998953,8612525,11053807,385036,0.0427868,0.0447065,0.965167,0.00424012,-115.993,1051.72,-1.83447,178,7.72233,FAIL
run_25,driftscan_gap150V,none,,,896055,,0,0,0,,0,,0,,,0,0,NO-VMM
run_25,driftscan_gap200V,none,,,895155,,0,0,0,,0,,0,,,0,0,NO-VMM
run_25,driftscan_gap250V,none,,,896853,,0,0,0,,0,,0,,,0,0,NO-VMM
run_25,meshscan_m00V,pcapng,0,44,2384564,2005426,2178381,65597,0.027509,0.0327098,0.969887,-0.00743198,111.818,1060.17,-5.68063,43,6.8124,FAIL
run_25,meshscan_m100V,none,,,896513,,0,0,0,,0,,0,,,0,0,NO-VMM
run_25,meshscan_m10V,pcapng,0,44,2339876,2059654,2093659,66102,0.0282502,0.0320937,0.968428,0.0203323,-85.3837,1057.25,-5.24597,43,7.9247,FAIL
run_25,meshscan_m20V,pcapng,0,44,1640870,1545751,1211268,23444,0.0142875,0.0151667,0.980645,-0.104436,-28.6449,1060.91,-5.8923,15,6.49252,FAIL
run_25,meshscan_m30V,pcapng,0,44,1417986,1323424,969873,34214,0.0241286,0.0258526,0.964723,0.0232847,-46.6693,1069.58,10.3644,29,6.79079,FAIL
run_25,meshscan_m40V,pcapng,0,44,1125064,1038062,695967,14240,0.0126571,0.0137179,0.979539,0.0116124,-45.3465,1075.09,3.47575,12,7.10552,FAIL
run_25,meshscan_m50V,pcapng,0,44,850558,708635,645518,18417,0.0216528,0.0259894,0.971469,0.0243626,-117.556,1075.4,-6.83496,14,6.76336,FAIL
run_25,meshscan_m60V,pcapng,0,44,884142,789786,614779,21488,0.0243038,0.0272074,0.965048,0.000639207,40.0307,1062.98,-4.1185,17,6.65605,FAIL
run_25,meshscan_m70V,pcapng,0,44,883424,741926,645084,20192,0.0228565,0.0272157,0.968699,-0.0181455,-116.528,1064.49,1.23439,16,6.79951,FAIL
run_25,meshscan_m80V,pcapng,0,44,897814,822623,673230,23443,0.0261112,0.0284723,0.965178,0.0183961,38.8107,1072.66,3.81042,18,6.85108,FAIL
run_25,meshscan_m90V,pcapng,0,44,896304,845292,699024,24197,0.0269964,0.0286256,0.965385,0.00567387,4.17896,1067.22,-5.27944,18,6.44257,FAIL
run_26,driftscan_gap150V,pcapng,0,44,887850,841113,846671,45121,0.0508205,0.0536444,0.946708,0.576695,0.44346,1042.14,-3.98499,18,6.6845,FAIL
run_26,driftscan_gap200V,pcapng,0,44,888381,878607,884789,46476,0.0523154,0.0528951,0.947472,0.582715,-4.56829,967.624,-6.14954,19,6.90577,FAIL
run_26,driftscan_gap250V,pcapng,0,44,888378,823118,872897,32098,0.036131,0.0389883,0.963228,0.0191227,35.8358,1093.32,5.10709,18,6.30857,FAIL
run_26,driftscan_gap300V,pcapng,0,44,140348,140348,1874101,5426,0.038661,0.038661,0.997105,-0.111454,0.190083,1100.56,4.3064,3,6.80315,FAIL
run_26,driftscan_gap350V,pcapng,0,44,2349946,2065293,2345256,80098,0.034085,0.0387829,0.965847,0.0357094,-86.7658,1098.97,1.16809,45,6.89344,FAIL
run_26,driftscan_gap400V,pcapng,0,44,2017575,1920575,2017400,67616,0.0335135,0.0352061,0.966484,0.0162057,-30.8193,1097.56,-0.679129,38,6.28617,FAIL
run_26,meshscan_m100V,pcapng,0,44,886960,839673,801439,30204,0.0340534,0.0359711,0.962313,0.053915,-31.4694,1094.56,-6.75804,17,6.51124,FAIL
run_28,cfg_gain4.5_peaktime25,none,,,3066687,,0,0,0,,0,,0,,,0,0,NO-VMM
run_29,trigtest_gain3.0_peaktime200,hits_store,0,44,973706,969043,999349,60661,0.0622991,0.0625989,0.939299,0.704465,0.783098,448.133,-4.05884,22,8.40769,FAIL
run_31,trigtest_gain3.0_peaktime200,hits_store,0,44,222005,190059,301589,189100,0.851783,0.994954,0.372988,0.689312,1.82416,8.58975,-0.65412,4,117.521,OK
run_32,meshscan_m00V,hits_store,0,44,2349743,2348061,3336752,2336466,0.99435,0.995062,0.299778,0.695558,1.70044,10.2886,-0.368896,50,125.233,OK
run_32,meshscan_m10V,hits_store,0,44,2348690,2346077,3336879,2334009,0.993749,0.994856,0.300541,0.696648,0.958921,10.2475,-0.351654,50,114.522,OK
run_32,meshscan_m20V,hits_store,0,44,1979049,1970662,2801717,1960669,0.990713,0.994929,0.30019,0.697513,3.559,10.701,-0.335999,42,116.41,OK
run_32,meshscan_m30V,hits_store,0,44,2353999,2350792,3335924,2338546,0.993435,0.99479,0.298981,0.696007,1.18166,10.4807,-0.114624,50,116.801,OK
run_32,meshscan_m40V,hits_store,0,44,2360186,2351766,3335948,2339829,0.991375,0.994924,0.298601,0.691891,2.78058,10.3156,-0.478149,50,122.989,OK
run_32,meshscan_m50V,hits_store,0,44,2359114,2354307,3331391,2335560,0.990016,0.992037,0.298923,0.688773,0.744958,9.96605,-0.291016,50,117.503,OK
run_32,meshscan_m60V,hits_store,0,44,2353533,2343467,3355484,2318883,0.985277,0.98951,0.308927,0.691867,-4.77786,10.1081,-0.378845,50,116.232,OK
run_33,driftscan_gap150V,hits_store,0,44,2354643,2339279,3351401,2327095,0.988301,0.994792,0.305635,0.666494,1.35808,10.1012,-0.267944,51,120.434,OK
run_33,driftscan_gap200V,hits_store,0,44,2356481,2321707,3407655,2302434,0.977065,0.991699,0.324335,0.669302,-4.98893,10.6887,-0.408127,51,121.061,OK
run_33,driftscan_gap250V,hits_store,0,44,2355973,2349434,3340589,2337059,0.991972,0.994733,0.300405,0.677257,-0.177931,10.6198,-0.235413,50,123.178,OK
run_33,meshscan_m100V,hits_store,0,44,2355673,2348947,3341442,2336493,0.991858,0.994698,0.300753,0.663701,3.76075,10.3917,-0.240112,50,119.593,OK
run_33,meshscan_m70V,hits_store,0,44,2365649,2356082,3340778,2343615,0.990686,0.994709,0.298482,0.671188,-3.40638,9.95774,-0.211304,50,135.674,OK
run_33,meshscan_m80V,hits_store,0,44,2348103,2347234,3340662,2334868,0.994364,0.994731,0.301076,0.666295,0.83213,10.0595,-0.520191,50,125.128,OK
run_33,meshscan_m90V,hits_store,0,44,2352305,2350236,3340182,2337862,0.99386,0.994735,0.300079,0.660759,0.949255,10.1585,0.0431976,50,122.151,OK
run_35,driftscan_gap300V,hits_store,0,44,2326528,2323547,3282546,2288852,0.983806,0.985068,0.302721,0.671078,1.17092,9.9082,-0.52771,50,120.727,OK
run_35,driftscan_gap350V,hits_store,0,44,2322473,2322473,3297393,2298284,0.989585,0.989585,0.303,0.670471,-4.26077,10.7838,-0.442459,51,115.583,OK
run_35,driftscan_gap400V,hits_store,0,44,2340535,2331760,3134681,2188083,0.934864,0.938383,0.301976,0.668267,-1.38338,10.3584,-0.483154,50,123.88,OK
run_36,operating_00,hits_store,0,44,9453893,9453893,13487710,9407462,0.995089,0.995089,0.302516,0.669833,1.7123,10.3909,-0.372559,203,119.499,OK
run_36,operating_01,hits_store,0,44,10205779,10164455,14430862,10102537,0.989884,0.993908,0.299935,0.668391,-4.38951,10.0146,-0.289551,216,121.825,OK
run_36,operating_02,hits_store,0,44,10122370,10075402,14390719,10026117,0.990491,0.995108,0.303293,0.665432,-10.3835,10.3593,-0.255859,216,126.569,OK
run_38,cfg_gain3.0_peaktime100,hits_store,0,44,7000830,6985192,9862186,6880821,0.982858,0.985058,0.302303,0.678756,-2.32633,11.3745,-0.411011,150,122.968,OK
run_39,cfg_gain3.0_peaktime25,pcapng,1,20,6886506,6874839,9041547,6337757,0.920315,0.921877,0.299041,0.683563,1.99331,10.9957,-0.0877686,142,119.417,OK
run_40,cfg_gain3.0_peaktime50,hits_store,0,44,6838558,6821793,9555610,6653226,0.972899,0.97529,0.303736,0.687926,-6.2938,11.0363,-0.122314,146,113.832,OK
run_41,cfg_gain3.0_peaktime200,hits_store,0,44,6859455,6812102,9562184,6664120,0.971523,0.978277,0.303076,0.688491,-12.2217,11.2003,-0.437744,145,117.902,OK
run_42,cfg_gain3.0_peaktime200_deflt,hits_store,0,44,6914335,6914335,9393184,6627932,0.958578,0.958578,0.294389,0.688739,-4.96944,11.4948,-0.259521,142,114.879,OK
run_43,cfg_gain3.0_peaktime200_opt,hits_store,0,44,6907347,4738930,6457477,4563998,0.660745,0.963086,0.293223,0.688657,-5.33096,11.1956,-0.176514,98,118.995,OK
run_44,cfg_gain4.5_peaktime25,pcapng,0,44,6925500,6889576,9316780,6549121,0.945653,0.950584,0.297062,0.693878,-4.65184,11.4952,-0.291748,146,118.097,OK
run_45,cfg_gain4.5_peaktime100,pcapng,0,44,6948406,6935189,9719148,6894052,0.992177,0.994068,0.290673,0.700422,-3.07388,11.7721,-0.361084,146,116.074,OK
run_46,cfg_gain4.5_peaktime200,pcapng,0,44,6956979,6920048,9738751,6870489,0.987568,0.992838,0.294521,0.704579,-7.91366,11.8578,-0.115238,146,117.026,OK
run_47,cfg_gain4.5_peaktime200_deflt,pcapng,0,44,6957176,6957176,9715985,6906088,0.992657,0.992657,0.289204,0.705862,-3.09961,11.5786,-0.138,146,113.641,OK
run_48,cfg_gain4.5_peaktime200_opt,pcapng,0,44,6960886,6956746,9783493,6914695,0.993364,0.993955,0.293228,0.708584,-8.01227,11.2551,-0.1427,146,113.041,OK
run_50,cfg_gain3.0_peaktime200_opt,hits_store,0,44,4469224,4436262,6396564,4414823,0.987828,0.995167,0.309813,0.668007,1.68799,10.3534,-0.371094,96,123.914,OK
run_51,cfg_gain3.0_peaktime200_deflt,hits_store,0,44,4442659,4430513,6464862,4409066,0.992439,0.995159,0.317995,0.667808,-7.94813,11.1835,-0.178753,96,126.817,OK
run_52,cfg_gain4.5_peaktime200_opt,hits_store,0,44,4444871,4425333,6471729,4403251,0.990636,0.99501,0.319618,0.666357,-7.97627,10.4095,-0.182144,96,121.149,OK
run_53,cfg_gain4.5_peaktime200_deflt,pcapng,0,44,3175867,3165325,4242827,3148260,0.991307,0.994608,0.257981,0.664532,1.96225,10.4461,-0.217163,126,175.571,OK
run_54,cfg_gain4.5_peaktime50,pcapng,0,44,3144181,3126641,4260395,3095352,0.98447,0.989993,0.273459,0.661672,-8.01166,10.7853,-0.167725,125,186.038,OK
run_55,meshscan_m00V,pcapng,0,44,473932,468876,631086,466720,0.984783,0.995402,0.260449,0.650632,2.33009,10.2614,-0.314682,36,259.438,OK
run_55,meshscan_m10V,pcapng,0,44,689815,686381,863460,683079,0.990235,0.995188,0.208905,0.650379,1.38833,9.42758,-0.199097,51,267.856,OK
run_55,meshscan_m20V,pcapng,0,44,665839,664335,847014,661014,0.992754,0.995001,0.219595,0.653952,0.896812,10.1782,-0.409973,50,279.606,OK
run_56,meshscan_m30V,pcapng,0,44,627369,550878,1472709,548175,0.873768,0.995093,0.627778,0.648405,87.7402,9.45243,-0.122437,44,253.297,OK
run_56,meshscan_m40V,pcapng,0,44,626378,625557,846981,622649,0.994047,0.995351,0.264861,0.649262,0.912757,10.6826,-0.236572,50,262.496,OK
run_56,meshscan_m50V,pcapng,0,44,585056,577578,779012,574830,0.982521,0.995242,0.262104,0.652531,3.57017,10.5942,-0.270325,46,261.128,OK
run_56,meshscan_m60V,pcapng,0,44,569924,561775,762197,559086,0.980983,0.995213,0.266481,0.651591,5.32328,10.4495,-0.64222,45,262.849,OK
run_56,meshscan_m70V,pcapng,0,44,576424,567798,769679,565123,0.980395,0.995289,0.265768,0.647484,2.95208,10.1404,-0.16098,46,258.644,OK
run_57,driftscan_gap150V,pcapng,0,44,582880,574200,787561,571506,0.980487,0.995308,0.274334,0.647099,6.38628,10.124,-0.38628,46,254.605,OK
run_57,driftscan_gap200V,pcapng,0,44,581868,574972,778918,572270,0.983505,0.995301,0.265301,0.64507,0.204101,9.5549,-0.381409,46,260.221,OK
run_57,driftscan_gap250V,pcapng,0,44,582322,580077,786111,577317,0.991405,0.995242,0.265604,0.646047,-2.95481,9.72715,-0.572998,47,257.2,OK
run_57,driftscan_gap300V,pcapng,0,44,582905,574755,778649,571985,0.981266,0.995179,0.265414,0.647161,-0.219658,9.47026,-0.00305939,46,261.779,OK
run_57,driftscan_gap350V,pcapng,0,44,352548,352548,480718,350812,0.995076,0.995076,0.270233,0.649596,-2.42992,9.53122,-0.105713,47,374.912,OK
run_57,driftscan_gap400V,pcapng,0,44,621468,617990,863432,614912,0.989451,0.995019,0.287828,0.647219,-4.34062,10.0516,-0.138863,50,262.165,OK
run_57,meshscan_m100V,pcapng,0,44,580275,573403,779122,570751,0.983587,0.995375,0.267443,0.645443,4.62562,10.4001,-0.378113,46,258.496,OK
run_57,meshscan_m80V,pcapng,0,44,577142,572271,779045,569500,0.986759,0.995156,0.268977,0.648994,-3.19638,10.1665,-0.287567,46,255.196,OK
run_57,meshscan_m90V,pcapng,0,44,582718,580930,787788,577366,0.990815,0.993863,0.267105,0.644855,-1.04242,9.77723,-0.31955,47,261.796,OK
run_58,operating_00,pcapng,0,44,1449138,1449138,1966500,1441377,0.994644,0.994644,0.267034,0.649057,2.24917,9.94434,-0.327759,117,265.358,OK
run_58,operating_01,pcapng,0,44,1451593,1440452,1961328,1428772,0.984279,0.991891,0.271528,0.6498,-6.93919,10.3974,-0.451324,116,258.975,OK
run_58,operating_02,pcapng,0,44,1458989,1434102,2171580,1411331,0.967335,0.984122,0.35009,0.650922,-24.6896,10.3195,-0.355957,115,261.403,OK
run_61,meshscan_m00V,pcapng,0,44,2527801,2526896,3900038,2515098,0.994975,0.995331,0.355109,0.677748,2.29579,11.0507,-0.230225,116,179.733,OK
run_61,meshscan_m10V,pcapng,0,44,2482988,2480917,3837926,2469496,0.994566,0.995396,0.356555,0.674125,3.68063,11.002,-0.227051,115,167.49,OK
run_61,meshscan_m20V,pcapng,0,44,2573804,2573668,3989258,2561664,0.995283,0.995335,0.35786,0.669434,1.47452,10.9253,-0.261185,119,176.192,OK
run_61,meshscan_m30V,pcapng,0,44,1642918,1642731,4804842,1247821,0.759515,0.759602,0.740299,0.637423,-2.56115,64.1914,-0.452301,64,100.835,PARTIAL
run_61,meshscan_m40V,pcapng,0,44,1801669,1801669,2947955,1792978,0.995176,0.995176,0.391789,0.637597,3.12532,10.5271,-0.317871,88,202.856,OK
run_61,meshscan_m50V,pcapng,0,44,1823829,1802758,2865300,1793915,0.983598,0.995095,0.373917,0.643785,2.36786,9.70626,-0.307602,87,187.922,OK
run_61,meshscan_m60V,pcapng,0,44,1821373,1821373,2937606,1812534,0.995147,0.995147,0.382989,0.644031,2.65491,10.726,-0.328369,88,186.842,OK
run_61,meshscan_m70V,pcapng,0,44,1816833,1796359,2862003,1787713,0.983972,0.995187,0.375363,0.64883,1.85917,10.2274,-0.340698,87,178.522,OK
run_61,meshscan_m80V,pcapng,0,44,1761021,1761021,2824379,1752849,0.99536,0.99536,0.379386,0.65454,2.17774,10.3017,-0.278687,85,182.609,OK
run_61,meshscan_m90V,pcapng,0,44,1803799,1783088,2822099,1774800,0.983923,0.995352,0.371106,0.654613,1.29309,10.3866,-0.337097,86,187.072,OK
run_62,driftscan_gap150V,pcapng,0,44,864250,853186,1306300,849264,0.98266,0.995403,0.349871,0.656771,0.533255,10.7211,-0.265854,87,262.104,OK
run_62,driftscan_gap200V,pcapng,0,44,291404,291404,446643,289944,0.99499,0.99499,0.350837,0.658232,-0.128398,11.4964,-0.598138,27,270.9,OK
run_63,operating_00,pcapng,0,44,1348426,1341758,2100664,1334715,0.989832,0.994751,0.364622,0.670879,2.7264,11.1446,-0.191284,126,267.006,OK
run_63,operating_01,pcapng,0,44,673747,671908,1038736,666900,0.989837,0.992547,0.35797,0.671085,-2.48245,11.4414,-0.583771,71,269.379,OK
run_63,operating_02,pcapng,0,44,1143918,1140912,1713458,1135132,0.992319,0.994934,0.33752,0.682033,-7.87244,10.8902,-0.0170898,111,261.877,OK
run_63,operating_03,pcapng,0,44,1366461,1359506,2107870,1352935,0.990101,0.995167,0.358151,0.684429,-4.30262,10.6974,-0.157715,123,263.85,OK
run_64,cfg_gain3.0_peaktime200_opt,pcapng,0,44,1727430,1725603,2723392,1717556,0.994284,0.995336,0.369332,0.689931,2.47428,10.7241,-0.17334,82,189.281,OK
run_65,cfg_gain3.0_peaktime200_deflt,pcapng,0,44,2465300,2462422,3874265,2450333,0.993929,0.995091,0.367536,0.693951,-7.01539,11.3772,-0.2771,121,179.799,OK
run_66,cfg_gain4.5_peaktime200_opt,pcapng,0,44,2663854,2647448,4224301,2628394,0.986688,0.992803,0.377792,0.697286,-7.27276,10.8236,-0.056488,126,168.289,OK
run_67,cfg_gain4.5_peaktime200_deflt,pcapng,0,44,2596171,2583709,4010780,2564623,0.987848,0.992613,0.360568,0.698902,-7.15753,11.3688,-0.0512085,122,178.948,OK
run_71,cfg_gain4.5_peaktime50,pcapng,0,44,455549,454536,622408,452245,0.992747,0.99496,0.273395,0.702741,-7.04543,10.9958,-0.207764,125,605.837,OK
