station,gas,run,sub,chip,mesh,drift,n,sigma,mu,ctr,eff,pt,gain
P2_IN,Ar/CF4/Iso 88/10/2,run_61,meshscan_m00V,p2b-config-cern-ext_gain3.0_peaktime200.txt,450.0,750.0,41,55.95880046139248,210.81428861667715,11.798759125827182,0.0982899372690556,200.0,3.0
P2_IN,Ar/CF4/Iso 88/10/2,run_61,meshscan_m10V,p2b-config-cern-ext_gain3.0_peaktime200.txt,440.0,740.0,39,58.8844660201784,207.59405267528945,11.616122259136214,0.0614790454142235,200.0,3.0
P2_IN,Ar/CF4/Iso 88/10/2,run_61,meshscan_m20V,p2b-config-cern-ext_gain3.0_peaktime200.txt,430.0,730.0,39,63.45666023334704,210.0579552363761,11.47776661005788,0.039159262697255,200.0,3.0
P2_IN,Ar/CF4/Iso 88/10/2,run_61,meshscan_m30V,p2b-config-cern-ext_gain3.0_peaktime200.txt,420.0,720.0,40,64.4106074187448,210.28311217025646,10.589469518095274,0.0285186952035704,200.0,3.0
P2_IN,Ar/CF4/Iso 88/10/2,run_61,meshscan_m40V,p2b-config-cern-ext_gain3.0_peaktime200.txt,410.0,710.0,23,59.2295022891961,215.13680525333012,8.582842237464979,0.0220408163265306,200.0,3.0
P2_IN,Ar/CF4/Iso 88/10/2,run_61,meshscan_m50V,p2b-config-cern-ext_gain3.0_peaktime200.txt,400.0,700.0,17,6.72082730065635,195.0019793025748,10.813432835820896,0.0007841244948428,200.0,3.0
P2_IN,Ar/CF4/Iso 88/10/2,run_61,meshscan_m60V,p2b-config-cern-ext_gain3.0_peaktime200.txt,390.0,690.0,17,17.96386614057891,213.56600742021243,17.189237668161432,9.590026372572474e-05,200.0,3.0
P2_IN,Ar/CF4/Iso 88/10/2,run_61,meshscan_m70V,p2b-config-cern-ext_gain3.0_peaktime200.txt,380.0,680.0,15,7.336052965543113,70.08998335319325,26.760216642048253,0.0,200.0,3.0
P2_IN,Ar/CF4/Iso 88/10/2,run_61,meshscan_m80V,p2b-config-cern-ext_gain3.0_peaktime200.txt,370.0,670.0,14,8.786332425105146,203.11080709209966,53.31283772826052,-0.00034429015766805,200.0,3.0
P2_IN,Ar/CF4/Iso 88/10/2,run_61,meshscan_m90V,p2b-config-cern-ext_gain3.0_peaktime200.txt,360.0,660.0,10,20.331068179831753,207.6442146210887,46.2816372031823,0.0011242850907481,200.0,3.0
P2_IN,Ar/CF4/Iso 88/10/2,run_63,operating_00,p2b-config-cern-ext_gain3.0_peaktime200.txt,450.0,750.0,41,45.64437257034259,192.00449962326368,11.856147650494332,0.1113595020492252,200.0,3.0
P2_IN,Ar/CF4/Iso 88/10/2,run_63,operating_01,p2b-config-cern-ext_gain3.0_peaktime200.txt,450.0,750.0,23,47.0911769884087,194.94733346840496,12.84380494205117,0.1093928477286705,200.0,3.0
P2_IN,Ar/CF4/Iso 88/10/2,run_63,operating_02,p2b-config-cern-ext_gain3.0_peaktime200.txt,450.0,750.0,35,47.155746229628335,194.80030890586616,14.132525096525097,0.1117133848745303,200.0,3.0
P2_IN,Ar/CF4/Iso 88/10/2,run_63,operating_03,p2b-config-cern-ext_gain3.0_peaktime200.txt,450.0,750.0,41,59.85930354954444,223.1867036353694,10.446907600596123,0.1037810121727194,200.0,3.0
P2_IN,Ar/CF4/Iso 88/10/2,run_64,cfg_gain3.0_peaktime200_opt,p2b-config-cern-ext_gain3.0_peaktime200_opt.txt,450.0,750.0,28,47.18288743848805,197.08717415226397,13.76214526214526,0.10680791979539561,200.0,3.0
P2_IN,Ar/CF4/Iso 88/10/2,run_65,cfg_gain3.0_peaktime200_deflt,p2b-config-cern-ext_gain3.0_peaktime200_deflt.txt,450.0,750.0,36,53.297116486519315,190.30599304368718,9.365337163448316,0.029199767024898002,200.0,3.0
P2_IN,Ar/CF4/Iso 88/10/2,run_66,cfg_gain4.5_peaktime200_opt,p2b-config-cern-ext_gain4.5_peaktime200_opt.txt,450.0,750.0,41,42.47686690832125,192.6590278059361,14.705637831977802,0.1299700033586973,200.0,4.5
P2_IN,Ar/CF4/Iso 88/10/2,run_67,cfg_gain4.5_peaktime200_deflt,p2b-config-cern-ext_gain4.5_peaktime200_deflt.txt,450.0,750.0,37,52.68581466215015,186.76876110520712,10.948717948717947,0.0382117980402188,200.0,4.5
P2_IN,Ar/CF4/Iso 88/10/2,run_70,cfg_gain3.0_peaktime50,p2b-config-cern-ext_gain3.0_peaktime50.txt,450.0,750.0,24,58.76065487151101,3.5486484282155892,9.005605748185413,0.03036908928082655,50.0,3.0
P2_IN,Ar/CF4/Iso 88/10/2,run_71,cfg_gain4.5_peaktime50,p2b-config-cern-ext_gain4.5_peaktime50.txt,450.0,750.0,30,30.718741476236914,3.440159637919809,12.843123663631708,0.0254448832884255,50.0,4.5
P2_IN,Ar/CO2/Iso 93/5/2,run_27,cfg_gain3.0_peaktime25,p2b-config-cern-ext_gain3.0_peaktime25.txt,435.0,735.0,46,56.86061060198987,-79.04831732350934,10.319195688225541,0.0141603038732506,25.0,3.0
P2_IN,Ar/CO2/Iso 93/5/2,run_36,operating_00,p2b-config-cern-ext_gain3.0_peaktime200.txt,450.0,750.0,66,45.49326861284818,196.83990804603124,15.84812488222487,0.19055977885749376,200.0,3.0
P2_IN,Ar/CO2/Iso 93/5/2,run_36,operating_01,p2b-config-cern-ext_gain3.0_peaktime200.txt,450.0,750.0,71,48.64462333862506,204.2603623865201,12.48851208528628,0.1852831179056492,200.0,3.0
P2_IN,Ar/CO2/Iso 93/5/2,run_36,operating_02,p2b-config-cern-ext_gain3.0_peaktime200.txt,450.0,750.0,71,44.1003845519618,193.93266657890825,16.370538849401616,0.1892047555822314,200.0,3.0
P2_IN,Ar/CO2/Iso 93/5/2,run_38,cfg_gain3.0_peaktime100,p2b-config-cern-ext_gain3.0_peaktime100.txt,450.0,750.0,49,51.43534210421094,84.91982114021717,13.928798080643912,0.1149024185208256,100.0,3.0
P2_IN,Ar/CO2/Iso 93/5/2,run_39,cfg_gain3.0_peaktime25,p2b-config-cern-ext_gain3.0_peaktime25.txt,450.0,750.0,42,67.57858457560663,-47.967705980448414,9.541716303015853,0.025578905809589852,25.0,3.0
P2_IN,Ar/CO2/Iso 93/5/2,run_40,cfg_gain3.0_peaktime50,p2b-config-cern-ext_gain3.0_peaktime50.txt,450.0,750.0,48,64.63828763079894,9.937663032302066,9.841284298112072,0.048335139995891646,50.0,3.0
P2_IN,Ar/CO2/Iso 93/5/2,run_41,cfg_gain3.0_peaktime200,p2b-config-cern-ext_gain3.0_peaktime200.txt,450.0,750.0,47,47.29691357680047,199.17448735547336,14.393749251042344,0.1778425295249407,200.0,3.0
P2_IN,Ar/CO2/Iso 93/5/2,run_42,cfg_gain3.0_peaktime200_deflt,p2b-config-cern-ext_gain3.0_peaktime200_deflt.txt,450.0,750.0,46,60.35314545939987,197.7673496794093,10.167240017814176,0.0441440750687174,200.0,3.0
P2_IN,Ar/CO2/Iso 93/5/2,run_43,cfg_gain3.0_peaktime200_opt,p2b-config-cern-ext_gain3.0_peaktime200_opt.txt,450.0,750.0,47,49.35875583920446,203.10732056084996,13.33647810500347,0.1677363621820508,200.0,3.0
P2_IN,Ar/CO2/Iso 93/5/2,run_45,cfg_gain4.5_peaktime100,p2b-config-cern-ext_gain4.5_peaktime100.txt,450.0,750.0,47,58.82268319812768,99.78194418455776,10.789797486285009,0.1158781577193827,100.0,4.5
P2_IN,Ar/CO2/Iso 93/5/2,run_46,cfg_gain4.5_peaktime200,p2b-config-cern-ext_gain4.5_peaktime200.txt,450.0,750.0,48,48.69953508616459,211.76180968047856,12.795362311941162,0.18323219500674615,200.0,4.5
P2_IN,Ar/CO2/Iso 93/5/2,run_47,cfg_gain4.5_peaktime200_deflt,p2b-config-cern-ext_gain4.5_peaktime200_deflt.txt,450.0,750.0,48,64.00161267057749,209.95254423076517,10.48353070028424,0.057516778082594644,200.0,4.5
P2_IN,Ar/CO2/Iso 93/5/2,run_48,cfg_gain4.5_peaktime200_opt,p2b-config-cern-ext_gain4.5_peaktime200_opt.txt,450.0,750.0,48,55.50942183037855,221.7060317547494,12.185439872348741,0.19319979659440956,200.0,4.5
P2_IN,Ar/CO2/Iso 93/5/2,run_50,cfg_gain3.0_peaktime200_opt,p2b-config-cern-ext_gain3.0_peaktime200_opt.txt,450.0,750.0,32,56.69550257526052,216.91558393157516,12.543287048230265,0.16193250621775984,200.0,3.0
P2_IN,Ar/CO2/Iso 93/5/2,run_51,cfg_gain3.0_peaktime200_deflt,p2b-config-cern-ext_gain3.0_peaktime200_deflt.txt,450.0,750.0,28,70.0787505015208,214.36493379327953,9.286735567664138,0.042725253815731654,200.0,3.0
P2_IN,Ar/CO2/Iso 93/5/2,run_52,cfg_gain4.5_peaktime200_opt,p2b-config-cern-ext_gain4.5_peaktime200_opt.txt,450.0,750.0,31,62.91861686168552,242.6194994027888,10.413430636875091,0.1881658366041096,200.0,4.5
P2_IN,Ar/CO2/Iso 93/5/2,run_53,cfg_gain4.5_peaktime200_deflt,p2b-config-cern-ext_gain4.5_peaktime200_deflt.txt,450.0,750.0,34,69.49027652969893,220.18612155320915,8.08575750933676,0.0577082246130205,200.0,4.5
P2_IN,Ar/CO2/Iso 93/5/2,run_55,meshscan_m00V,p2b-config-cern-ext_gain3.0_peaktime200.txt,450.0,750.0,13,57.80504484455002,220.27286157785252,12.5689265198384,0.1727700490998363,200.0,3.0
P2_IN,Ar/CO2/Iso 93/5/2,run_55,meshscan_m10V,p2b-config-cern-ext_gain3.0_peaktime200.txt,440.0,740.0,16,61.76284486581066,217.11865114086473,11.618324111907214,0.10902820983128081,200.0,3.0
P2_IN,Ar/CO2/Iso 93/5/2,run_55,meshscan_m20V,p2b-config-cern-ext_gain3.0_peaktime200.txt,430.0,730.0,13,62.86650448206058,214.39164959483767,10.464668411436472,0.0674482758620689,200.0,3.0
P2_IN,Ar/CO2/Iso 93/5/2,run_56,meshscan_m30V,p2b-config-cern-ext_gain3.0_peaktime200.txt,420.0,720.0,15,70.67853912163736,219.851992779178,9.967024455018258,0.0392039018977832,200.0,3.0
P2_IN,Ar/CO2/Iso 93/5/2,run_56,meshscan_m40V,p2b-config-cern-ext_gain3.0_peaktime200.txt,410.0,710.0,17,72.11106751089214,217.46652349406756,9.105614973262032,0.0298159542460629,200.0,3.0
P2_IN,Ar/CO2/Iso 93/5/2,run_56,meshscan_m50V,p2b-config-cern-ext_gain3.0_peaktime200.txt,400.0,700.0,13,6.399259555633856,216.42054098681243,19.421809744779583,0.0004553574556026,200.0,3.0
P2_IN,Ar/CO2/Iso 93/5/2,run_56,meshscan_m60V,p2b-config-cern-ext_gain3.0_peaktime200.txt,390.0,690.0,12,6.307144582498546,154.46873694615516,32.76363261127989,5.275096270505043e-05,200.0,3.0
P2_IN,Ar/CO2/Iso 93/5/2,run_56,meshscan_m70V,p2b-config-cern-ext_gain3.0_peaktime200.txt,380.0,680.0,11,5.940401164365569,23.81745194884822,57.83092705167173,7.92204705695954e-05,200.0,3.0
P2_IN,Ar/CO2/Iso 93/5/2,run_57,driftscan_gap300V,p2b-config-cern-ext_gain3.0_peaktime200.txt,450.0,750.0,16,56.393438054352615,217.99208906513962,10.64539614398085,0.17160840117323461,200.0,3.0
P2_IN,Ar/CO2/Iso 93/5/2,run_57,driftscan_gap350V,p2b-config-cern-ext_gain3.0_peaktime200.txt,450.0,800.0,16,43.88346138057395,186.68982664772415,14.8523750061408,0.17774439363230976,200.0,3.0
P2_IN,Ar/CO2/Iso 93/5/2,run_57,driftscan_gap400V,p2b-config-cern-ext_gain3.0_peaktime200.txt,450.0,850.0,17,37.409323420778406,171.87597881353668,16.514646547974383,0.1728885135135134,200.0,3.0
P2_IN,Ar/CO2/Iso 93/5/2,run_57,meshscan_m90V,p2b-config-cern-ext_gain3.0_peaktime200.txt,360.0,660.0,8,5.030688470202166,-220.22169808451338,24.37254617892068,0.00027301434964609997,200.0,3.0
P2_IN,Ar/CO2/Iso 93/5/2,run_58,operating_00,p2b-config-cern-ext_gain3.0_peaktime200.txt,450.0,750.0,38,58.87947509491383,221.75443844064625,10.936110340034713,0.16650482311076695,200.0,3.0
P2_IN,Ar/CO2/Iso 93/5/2,run_58,operating_01,p2b-config-cern-ext_gain3.0_peaktime200.txt,450.0,750.0,38,57.951162782547144,220.77885111542636,10.566412389444686,0.1671671896428064,200.0,3.0
P2_IN,Ar/CO2/Iso 93/5/2,run_58,operating_02,p2b-config-cern-ext_gain3.0_peaktime200.txt,450.0,750.0,37,56.16066656744693,216.82812481647824,11.612916812916811,0.1673892354869409,200.0,3.0
P2_MID,Ar/CF4/Iso 88/10/2,run_61,meshscan_m00V,p2b-config-cern-ext_gain3.0_peaktime200.txt,450.0,750.0,41,20.22559350782337,106.94839379729972,34.52785860533643,0.3317318485923398,200.0,3.0
P2_MID,Ar/CF4/Iso 88/10/2,run_61,meshscan_m100V,p2b-config-cern-ext_gain3.0_peaktime200.txt,350.0,650.0,13,4.756183357147724,214.97158604370304,29.337194337194333,-4.017839206074973e-05,200.0,3.0
P2_MID,Ar/CF4/Iso 88/10/2,run_61,meshscan_m10V,p2b-config-cern-ext_gain3.0_peaktime200.txt,440.0,740.0,41,21.520784248919952,108.06215859772615,33.39179133883797,0.2419157544773076,200.0,3.0
P2_MID,Ar/CF4/Iso 88/10/2,run_61,meshscan_m20V,p2b-config-cern-ext_gain3.0_peaktime200.txt,430.0,730.0,41,22.610658159245784,109.85383641575368,30.72827391256919,0.1523283977698565,200.0,3.0
P2_MID,Ar/CF4/Iso 88/10/2,run_61,meshscan_m30V,p2b-config-cern-ext_gain3.0_peaktime200.txt,420.0,720.0,48,23.82104637263618,110.74388850464169,27.601529816031444,0.09509921559558004,200.0,3.0
P2_MID,Ar/CF4/Iso 88/10/2,run_61,meshscan_m40V,p2b-config-cern-ext_gain3.0_peaktime200.txt,410.0,710.0,29,24.778661205632325,110.61602826782742,22.268365050133006,0.0647512116879946,200.0,3.0
P2_MID,Ar/CF4/Iso 88/10/2,run_61,meshscan_m50V,p2b-config-cern-ext_gain3.0_peaktime200.txt,400.0,700.0,28,25.132865741323947,111.14807052295521,21.576423385429063,0.0462836677854717,200.0,3.0
P2_MID,Ar/CF4/Iso 88/10/2,run_61,meshscan_m60V,p2b-config-cern-ext_gain3.0_peaktime200.txt,390.0,690.0,29,25.45994249481854,111.4190393748504,20.3622128912458,0.0336177609228095,200.0,3.0
P2_MID,Ar/CF4/Iso 88/10/2,run_61,meshscan_m70V,p2b-config-cern-ext_gain3.0_peaktime200.txt,380.0,680.0,27,25.478857766418,111.81326327005245,18.344299923488904,0.0247407734249424,200.0,3.0
P2_MID,Ar/CF4/Iso 88/10/2,run_61,meshscan_m80V,p2b-config-cern-ext_gain3.0_peaktime200.txt,370.0,670.0,29,22.976778468220395,111.8134261958576,17.799541607898448,0.0186552737395607,200.0,3.0
P2_MID,Ar/CF4/Iso 88/10/2,run_61,meshscan_m90V,p2b-config-cern-ext_gain3.0_peaktime200.txt,360.0,660.0,22,6.225236276737014,111.86338558209313,17.2451028552303,0.00027175388047209997,200.0,3.0
P2_MID,Ar/CF4/Iso 88/10/2,run_62,driftscan_gap150V,p2b-config-cern-ext_gain3.0_peaktime200.txt,450.0,600.0,29,33.108136366349925,157.41557916187864,19.19921012400204,0.3231036937435735,200.0,3.0
P2_MID,Ar/CF4/Iso 88/10/2,run_62,driftscan_gap200V,p2b-config-cern-ext_gain3.0_peaktime200.txt,450.0,650.0,9,24.57138414517887,128.18014216692873,23.672283624919,0.3322284327743837,200.0,3.0
P2_MID,Ar/CF4/Iso 88/10/2,run_63,operating_00,p2b-config-cern-ext_gain3.0_peaktime200.txt,450.0,750.0,41,19.635131344286528,104.77248624288954,31.08743248556588,0.3433092086674925,200.0,3.0
P2_MID,Ar/CF4/Iso 88/10/2,run_63,operating_01,p2b-config-cern-ext_gain3.0_peaktime200.txt,450.0,750.0,24,19.618839314289723,104.59851105941101,30.966570892121894,0.3415064945014119,200.0,3.0
P2_MID,Ar/CF4/Iso 88/10/2,run_63,operating_02,p2b-config-cern-ext_gain3.0_peaktime200.txt,450.0,750.0,37,19.40668759444282,104.36508648237896,32.93956288543386,0.3419497151668308,200.0,3.0
P2_MID,Ar/CF4/Iso 88/10/2,run_63,operating_03,p2b-config-cern-ext_gain3.0_peaktime200.txt,450.0,750.0,41,19.429358343038825,104.37918155106532,33.230296464597494,0.3424277366271229,200.0,3.0
P2_MID,Ar/CF4/Iso 88/10/2,run_64,cfg_gain3.0_peaktime200_opt,p2b-config-cern-ext_gain3.0_peaktime200_opt.txt,450.0,750.0,28,19.36691616800863,104.37006207359485,34.77103490250755,0.3436669892033114,200.0,3.0
P2_MID,Ar/CF4/Iso 88/10/2,run_65,cfg_gain3.0_peaktime200_deflt,p2b-config-cern-ext_gain3.0_peaktime200_deflt.txt,450.0,750.0,41,19.756498047414063,100.40889582059263,30.345084875100923,0.1027258051403551,200.0,3.0
P2_MID,Ar/CF4/Iso 88/10/2,run_66,cfg_gain4.5_peaktime200_opt,p2b-config-cern-ext_gain4.5_peaktime200_opt.txt,450.0,750.0,41,18.85899853224869,102.18658304289514,31.204647170698323,0.3391072004422537,200.0,4.5
P2_MID,Ar/CF4/Iso 88/10/2,run_67,cfg_gain4.5_peaktime200_deflt,p2b-config-cern-ext_gain4.5_peaktime200_deflt.txt,450.0,750.0,40,18.884418550836443,100.09076972090878,32.689020717157774,0.1540023949514523,200.0,4.5
P2_MID,Ar/CF4/Iso 88/10/2,run_70,cfg_gain3.0_peaktime50,p2b-config-cern-ext_gain3.0_peaktime50.txt,450.0,750.0,29,18.19947840296598,-53.70717336234067,34.58190311219284,0.194484361792054,50.0,3.0
P2_MID,Ar/CF4/Iso 88/10/2,run_71,cfg_gain4.5_peaktime50,p2b-config-cern-ext_gain4.5_peaktime50.txt,450.0,750.0,41,18.523034970788306,-55.24468428174949,31.91472653362897,0.3218043044763803,50.0,4.5
P2_MID,Ar/CO2/Iso 93/5/2,run_27,cfg_gain3.0_peaktime25,p2b-config-cern-ext_gain3.0_peaktime25.txt,435.0,735.0,74,29.201237222849144,-110.66282529308619,9.519665857092686,0.0758711454887616,25.0,3.0
P2_MID,Ar/CO2/Iso 93/5/2,run_36,operating_00,p2b-config-cern-ext_gain3.0_peaktime200.txt,450.0,750.0,66,22.00423275599903,114.59843495543609,35.17187569494829,0.5797894151950593,200.0,3.0
P2_MID,Ar/CO2/Iso 93/5/2,run_36,operating_01,p2b-config-cern-ext_gain3.0_peaktime200.txt,450.0,750.0,71,22.01539535453533,114.63623543015238,28.449732115524306,0.5698247176880551,200.0,3.0
P2_MID,Ar/CO2/Iso 93/5/2,run_36,operating_02,p2b-config-cern-ext_gain3.0_peaktime200.txt,450.0,750.0,71,22.003331918801926,114.73185100883472,34.71472651322575,0.5773460780847517,200.0,3.0
P2_MID,Ar/CO2/Iso 93/5/2,run_38,cfg_gain3.0_peaktime100,p2b-config-cern-ext_gain3.0_peaktime100.txt,450.0,750.0,49,22.187903661388727,16.004821836457715,35.36215880261351,0.5167225733321911,100.0,3.0
P2_MID,Ar/CO2/Iso 93/5/2,run_39,cfg_gain3.0_peaktime25,p2b-config-cern-ext_gain3.0_peaktime25.txt,450.0,750.0,47,28.93911174454503,-84.35555271545006,27.056978582962337,0.2159220064152754,25.0,3.0
P2_MID,Ar/CO2/Iso 93/5/2,run_40,cfg_gain3.0_peaktime50,p2b-config-cern-ext_gain3.0_peaktime50.txt,450.0,750.0,48,23.225569298125418,-43.272534796018846,35.2942553228572,0.39261424175427156,50.0,3.0
P2_MID,Ar/CO2/Iso 93/5/2,run_41,cfg_gain3.0_peaktime200,p2b-config-cern-ext_gain3.0_peaktime200.txt,450.0,750.0,47,22.10853311604913,115.1513941401846,33.26509467250822,0.5661649481820935,200.0,3.0
P2_MID,Ar/CO2/Iso 93/5/2,run_42,cfg_gain3.0_peaktime200_deflt,p2b-config-cern-ext_gain3.0_peaktime200_deflt.txt,450.0,750.0,46,23.04917083714855,111.2850716943316,33.139273179848445,0.2068243175299177,200.0,3.0
P2_MID,Ar/CO2/Iso 93/5/2,run_43,cfg_gain3.0_peaktime200_opt,p2b-config-cern-ext_gain3.0_peaktime200_opt.txt,450.0,750.0,47,22.147239503332543,115.27333806507131,33.65751183424749,0.5643209559380538,200.0,3.0
P2_MID,Ar/CO2/Iso 93/5/2,run_45,cfg_gain4.5_peaktime100,p2b-config-cern-ext_gain4.5_peaktime100.txt,450.0,750.0,47,21.923883381826336,17.68244636139866,31.89715569165579,0.6037063934969294,100.0,4.5
P2_MID,Ar/CO2/Iso 93/5/2,run_46,cfg_gain4.5_peaktime200,p2b-config-cern-ext_gain4.5_peaktime200.txt,450.0,750.0,48,21.776175889789926,114.08991066074508,30.639520319785106,0.5625568221817794,200.0,4.5
P2_MID,Ar/CO2/Iso 93/5/2,run_47,cfg_gain4.5_peaktime200_deflt,p2b-config-cern-ext_gain4.5_peaktime200_deflt.txt,450.0,750.0,48,21.866106403124313,111.22509169541844,33.591575196047586,0.3118057592551806,200.0,4.5
P2_MID,Ar/CO2/Iso 93/5/2,run_48,cfg_gain4.5_peaktime200_opt,p2b-config-cern-ext_gain4.5_peaktime200_opt.txt,450.0,750.0,48,21.72533535483306,114.2644274931461,31.55248270308669,0.5681208649015694,200.0,4.5
P2_MID,Ar/CO2/Iso 93/5/2,run_50,cfg_gain3.0_peaktime200_opt,p2b-config-cern-ext_gain3.0_peaktime200_opt.txt,450.0,750.0,32,23.08309785826153,116.94421379419535,32.02997377098758,0.3658489395442127,200.0,3.0
P2_MID,Ar/CO2/Iso 93/5/2,run_51,cfg_gain3.0_peaktime200_deflt,p2b-config-cern-ext_gain3.0_peaktime200_deflt.txt,450.0,750.0,31,24.30756289492071,113.2309832933024,29.30497382198953,0.1247684564386261,200.0,3.0
P2_MID,Ar/CO2/Iso 93/5/2,run_52,cfg_gain4.5_peaktime200_opt,p2b-config-cern-ext_gain4.5_peaktime200_opt.txt,450.0,750.0,31,22.725718840364078,115.6998325118262,26.17161648397811,0.3767784987562025,200.0,4.5
P2_MID,Ar/CO2/Iso 93/5/2,run_53,cfg_gain4.5_peaktime200_deflt,p2b-config-cern-ext_gain4.5_peaktime200_deflt.txt,450.0,750.0,41,23.130314004319143,113.3886432443185,24.737683314061268,0.203914764521927,200.0,4.5
P2_MID,Ar/CO2/Iso 93/5/2,run_54,cfg_gain4.5_peaktime50,p2b-config-cern-ext_gain4.5_peaktime50.txt,450.0,750.0,41,24.120537435077072,-42.03665426159191,25.88718260937138,0.331789144617615,50.0,4.5
P2_MID,Ar/CO2/Iso 93/5/2,run_55,meshscan_m00V,p2b-config-cern-ext_gain3.0_peaktime200.txt,450.0,750.0,13,23.15391353737789,116.6952155821884,31.06532128733621,0.3748840347474066,200.0,3.0
P2_MID,Ar/CO2/Iso 93/5/2,run_55,meshscan_m10V,p2b-config-cern-ext_gain3.0_peaktime200.txt,440.0,740.0,17,24.28802862972324,117.64375643963652,27.40346833375605,0.2992789724832356,200.0,3.0
P2_MID,Ar/CO2/Iso 93/5/2,run_55,meshscan_m20V,p2b-config-cern-ext_gain3.0_peaktime200.txt,430.0,730.0,17,25.42796765540924,118.63337900687422,27.683198271204752,0.2181120646138314,200.0,3.0
P2_MID,Ar/CO2/Iso 93/5/2,run_56,meshscan_m30V,p2b-config-cern-ext_gain3.0_peaktime200.txt,420.0,720.0,16,26.431640639436473,120.6400445937021,25.650875874064777,0.1368878807903467,200.0,3.0
P2_MID,Ar/CO2/Iso 93/5/2,run_56,meshscan_m40V,p2b-config-cern-ext_gain3.0_peaktime200.txt,410.0,710.0,17,28.157599473140777,121.5742654998,22.74969781496978,0.0853521306184844,200.0,3.0
P2_MID,Ar/CO2/Iso 93/5/2,run_56,meshscan_m50V,p2b-config-cern-ext_gain3.0_peaktime200.txt,400.0,700.0,17,29.217528505652517,121.9700095420344,22.15239930268832,0.0684267709691438,200.0,3.0
P2_MID,Ar/CO2/Iso 93/5/2,run_56,meshscan_m60V,p2b-config-cern-ext_gain3.0_peaktime200.txt,390.0,690.0,16,30.190135195124796,122.26888605781608,19.19034839147445,0.04859244038435295,200.0,3.0
P2_MID,Ar/CO2/Iso 93/5/2,run_56,meshscan_m70V,p2b-config-cern-ext_gain3.0_peaktime200.txt,380.0,680.0,15,29.49216296269036,123.10670400466653,18.12625027783952,0.0344818632669488,200.0,3.0
P2_MID,Ar/CO2/Iso 93/5/2,run_57,driftscan_gap150V,p2b-config-cern-ext_gain3.0_peaktime200.txt,450.0,600.0,17,44.14947327413521,188.29006340384277,15.87402129730206,0.3462203296934946,200.0,3.0
P2_MID,Ar/CO2/Iso 93/5/2,run_57,driftscan_gap200V,p2b-config-cern-ext_gain3.0_peaktime200.txt,450.0,650.0,16,30.017085000150708,142.01436805935003,19.314746485786724,0.3649354059518717,200.0,3.0
P2_MID,Ar/CO2/Iso 93/5/2,run_57,driftscan_gap250V,p2b-config-cern-ext_gain3.0_peaktime200.txt,450.0,700.0,17,24.83999089995069,123.6316441512683,25.397536381367097,0.3725297686478865,200.0,3.0
P2_MID,Ar/CO2/Iso 93/5/2,run_57,driftscan_gap300V,p2b-config-cern-ext_gain3.0_peaktime200.txt,450.0,750.0,16,22.858002791426337,116.73539083771789,29.065586064239163,0.37311473601997114,200.0,3.0
P2_MID,Ar/CO2/Iso 93/5/2,run_57,driftscan_gap350V,p2b-config-cern-ext_gain3.0_peaktime200.txt,450.0,800.0,17,22.537184589273643,114.83371302692672,29.11913542984567,0.3727737079104778,200.0,3.0
P2_MID,Ar/CO2/Iso 93/5/2,run_57,driftscan_gap400V,p2b-config-cern-ext_gain3.0_peaktime200.txt,450.0,850.0,17,22.794174317573443,114.8782581649938,27.495383476732357,0.3644786367208504,200.0,3.0
P2_MID,Ar/CO2/Iso 93/5/2,run_57,meshscan_m100V,p2b-config-cern-ext_gain3.0_peaktime200.txt,350.0,650.0,10,6.456480364381366,112.19613200571496,32.20381572435163,-2.8688915893100003e-05,200.0,3.0
P2_MID,Ar/CO2/Iso 93/5/2,run_57,meshscan_m80V,p2b-config-cern-ext_gain3.0_peaktime200.txt,370.0,670.0,17,30.490051329198515,124.298667674678,22.19676498572788,0.0260501465320742,200.0,3.0
P2_MID,Ar/CO2/Iso 93/5/2,run_57,meshscan_m90V,p2b-config-cern-ext_gain3.0_peaktime200.txt,360.0,660.0,8,20.83372930642581,122.76970656694081,23.389590098632652,0.01797159962828005,200.0,3.0
P2_MID,Ar/CO2/Iso 93/5/2,run_58,operating_00,p2b-config-cern-ext_gain3.0_peaktime200.txt,450.0,750.0,38,22.99688497931819,116.79818215103221,27.49959278172937,0.3740093846613425,200.0,3.0
P2_MID,Ar/CO2/Iso 93/5/2,run_58,operating_01,p2b-config-cern-ext_gain3.0_peaktime200.txt,450.0,750.0,38,23.03668019924346,116.76143491436075,27.441036202050192,0.3737708988061478,200.0,3.0
P2_MID,Ar/CO2/Iso 93/5/2,run_58,operating_02,p2b-config-cern-ext_gain3.0_peaktime200.txt,450.0,750.0,38,23.122162157365363,116.6749653655549,27.289788188595594,0.3746900387671416,200.0,3.0
P2_OUT,Ar/CF4/Iso 88/10/2,run_61,meshscan_m00V,p2b-config-cern-ext_gain3.0_peaktime200.txt,450.0,750.0,41,28.44847373160699,121.11192615816068,24.15847859484639,0.5426216973918954,200.0,3.0
P2_OUT,Ar/CF4/Iso 88/10/2,run_61,meshscan_m100V,p2b-config-cern-ext_gain3.0_peaktime200.txt,350.0,650.0,14,34.85663409828966,119.97664305619355,10.266166803701655,0.01241024876123965,200.0,3.0
P2_OUT,Ar/CF4/Iso 88/10/2,run_61,meshscan_m10V,p2b-config-cern-ext_gain3.0_peaktime200.txt,440.0,740.0,41,30.061549004877428,122.27836846491029,22.754216751547137,0.4256366520034713,200.0,3.0
P2_OUT,Ar/CF4/Iso 88/10/2,run_61,meshscan_m20V,p2b-config-cern-ext_gain3.0_peaktime200.txt,430.0,730.0,41,32.04119609609268,123.38066368791512,21.612776925319192,0.3012281973644931,200.0,3.0
P2_OUT,Ar/CF4/Iso 88/10/2,run_61,meshscan_m30V,p2b-config-cern-ext_gain3.0_peaktime200.txt,420.0,720.0,48,34.31634181564577,123.84210224477752,18.38743245423449,0.19390317773828636,200.0,3.0
P2_OUT,Ar/CF4/Iso 88/10/2,run_61,meshscan_m40V,p2b-config-cern-ext_gain3.0_peaktime200.txt,410.0,710.0,29,36.06244931578951,123.7503517200199,15.57466653830932,0.1163302336130641,200.0,3.0
P2_OUT,Ar/CF4/Iso 88/10/2,run_61,meshscan_m50V,p2b-config-cern-ext_gain3.0_peaktime200.txt,400.0,700.0,29,38.32553142337861,123.1936772347973,12.832477465855463,0.0696508107223436,200.0,3.0
P2_OUT,Ar/CF4/Iso 88/10/2,run_61,meshscan_m60V,p2b-config-cern-ext_gain3.0_peaktime200.txt,390.0,690.0,29,38.36145815167208,122.34953954349686,11.28245428441892,0.0442691333163677,200.0,3.0
P2_OUT,Ar/CF4/Iso 88/10/2,run_61,meshscan_m70V,p2b-config-cern-ext_gain3.0_peaktime200.txt,380.0,680.0,27,39.02331571361052,121.67167379214244,11.388432909395643,0.0301030602587022,200.0,3.0
P2_OUT,Ar/CF4/Iso 88/10/2,run_61,meshscan_m80V,p2b-config-cern-ext_gain3.0_peaktime200.txt,370.0,670.0,24,39.09891738658514,121.79875772626406,10.545425174153348,0.021437807940362902,200.0,3.0
P2_OUT,Ar/CF4/Iso 88/10/2,run_61,meshscan_m90V,p2b-config-cern-ext_gain3.0_peaktime200.txt,360.0,660.0,26,34.57238969855345,120.7529309562367,11.14347433355227,0.01575866968888555,200.0,3.0
P2_OUT,Ar/CF4/Iso 88/10/2,run_62,driftscan_gap150V,p2b-config-cern-ext_gain3.0_peaktime200.txt,450.0,600.0,28,69.53955489425113,205.24676240365136,9.318964516324726,0.4805688881314871,200.0,3.0
P2_OUT,Ar/CF4/Iso 88/10/2,run_62,driftscan_gap200V,p2b-config-cern-ext_gain3.0_peaktime200.txt,450.0,650.0,9,44.37462670639967,158.73636150810282,13.62814511338223,0.5211323212981424,200.0,3.0
P2_OUT,Ar/CF4/Iso 88/10/2,run_63,operating_00,p2b-config-cern-ext_gain3.0_peaktime200.txt,450.0,750.0,41,25.406626688093453,113.96312289066336,22.642220859366017,0.5674890517278758,200.0,3.0
P2_OUT,Ar/CF4/Iso 88/10/2,run_63,operating_01,p2b-config-cern-ext_gain3.0_peaktime200.txt,450.0,750.0,25,25.53637686843052,113.81230091509752,23.321477576618317,0.5695054586577356,200.0,3.0
P2_OUT,Ar/CF4/Iso 88/10/2,run_63,operating_02,p2b-config-cern-ext_gain3.0_peaktime200.txt,450.0,750.0,37,25.455936078671424,113.44199984896233,25.872143969210367,0.572147545452639,200.0,3.0
P2_OUT,Ar/CF4/Iso 88/10/2,run_63,operating_03,p2b-config-cern-ext_gain3.0_peaktime200.txt,450.0,750.0,41,25.349737610267457,113.40380307334812,24.561107346744866,0.5708648821584729,200.0,3.0
P2_OUT,Ar/CF4/Iso 88/10/2,run_64,cfg_gain3.0_peaktime200_opt,p2b-config-cern-ext_gain3.0_peaktime200_opt.txt,450.0,750.0,28,25.380756475828107,113.44425544714073,27.226864222775625,0.5734730799109222,200.0,3.0
P2_OUT,Ar/CF4/Iso 88/10/2,run_65,cfg_gain3.0_peaktime200_deflt,p2b-config-cern-ext_gain3.0_peaktime200_deflt.txt,450.0,750.0,41,27.834028725158312,109.91850262174106,21.644106999885626,0.2403591150706634,200.0,3.0
P2_OUT,Ar/CF4/Iso 88/10/2,run_66,cfg_gain4.5_peaktime200_opt,p2b-config-cern-ext_gain4.5_peaktime200_opt.txt,450.0,750.0,41,24.4169517040422,113.8992036798787,24.53287667301856,0.6443475880656097,200.0,4.5
P2_OUT,Ar/CF4/Iso 88/10/2,run_67,cfg_gain4.5_peaktime200_deflt,p2b-config-cern-ext_gain4.5_peaktime200_deflt.txt,450.0,750.0,40,25.909418670234942,111.28835220677051,24.38500714685998,0.3788636475796457,200.0,4.5
P2_OUT,Ar/CF4/Iso 88/10/2,run_70,cfg_gain3.0_peaktime50,p2b-config-cern-ext_gain3.0_peaktime50.txt,450.0,750.0,29,28.1094974203342,-43.55768321399234,22.165066073606155,0.4318749056800901,50.0,3.0
P2_OUT,Ar/CF4/Iso 88/10/2,run_71,cfg_gain4.5_peaktime50,p2b-config-cern-ext_gain4.5_peaktime50.txt,450.0,750.0,41,25.835803602594456,-42.24546661568935,19.78126949933496,0.6119986287281454,50.0,4.5
P2_OUT,Ar/CO2/Iso 93/5/2,run_27,cfg_gain3.0_peaktime25,p2b-config-cern-ext_gain3.0_peaktime25.txt,435.0,735.0,74,35.93314206894933,-104.82127322798331,12.17007221040954,0.1614471091799633,25.0,3.0
P2_OUT,Ar/CO2/Iso 93/5/2,run_36,operating_00,p2b-config-cern-ext_gain3.0_peaktime200.txt,450.0,750.0,66,26.181103824491416,119.03625750500487,25.2034331714965,0.6257391892325941,200.0,3.0
P2_OUT,Ar/CO2/Iso 93/5/2,run_36,operating_01,p2b-config-cern-ext_gain3.0_peaktime200.txt,450.0,750.0,71,26.11020938066247,118.92788700390489,21.128058635759245,0.6132669699918469,200.0,3.0
P2_OUT,Ar/CO2/Iso 93/5/2,run_36,operating_02,p2b-config-cern-ext_gain3.0_peaktime200.txt,450.0,750.0,71,25.995577971524597,118.76455001726428,25.49200543957296,0.6262907200285395,200.0,3.0
P2_OUT,Ar/CO2/Iso 93/5/2,run_38,cfg_gain3.0_peaktime100,p2b-config-cern-ext_gain3.0_peaktime100.txt,450.0,750.0,49,28.575620513417338,23.267276107895828,24.188951640534118,0.6149242254333408,100.0,3.0
P2_OUT,Ar/CO2/Iso 93/5/2,run_39,cfg_gain3.0_peaktime25,p2b-config-cern-ext_gain3.0_peaktime25.txt,450.0,750.0,47,35.29139465815972,-79.9987390302424,19.95498826603796,0.334253399757641,25.0,3.0
P2_OUT,Ar/CO2/Iso 93/5/2,run_40,cfg_gain3.0_peaktime50,p2b-config-cern-ext_gain3.0_peaktime50.txt,450.0,750.0,48,33.26418003287807,-38.73608480356563,20.378897026425733,0.5049344728547954,50.0,3.0
P2_OUT,Ar/CO2/Iso 93/5/2,run_41,cfg_gain3.0_peaktime200,p2b-config-cern-ext_gain3.0_peaktime200.txt,450.0,750.0,47,27.00854246348436,120.54901509063336,22.9770261504748,0.6124686076633555,200.0,3.0
P2_OUT,Ar/CO2/Iso 93/5/2,run_42,cfg_gain3.0_peaktime200_deflt,p2b-config-cern-ext_gain3.0_peaktime200_deflt.txt,450.0,750.0,46,29.167249044948342,118.06853088820202,23.072722453536464,0.31368367423739435,200.0,3.0
P2_OUT,Ar/CO2/Iso 93/5/2,run_43,cfg_gain3.0_peaktime200_opt,p2b-config-cern-ext_gain3.0_peaktime200_opt.txt,450.0,750.0,47,27.41710038762661,121.2977673710753,22.97955516546784,0.6077053049747843,200.0,3.0
P2_OUT,Ar/CO2/Iso 93/5/2,run_45,cfg_gain4.5_peaktime100,p2b-config-cern-ext_gain4.5_peaktime100.txt,450.0,750.0,47,29.51727502281008,27.06496951464733,18.63235922898385,0.6971066907775768,100.0,4.5
P2_OUT,Ar/CO2/Iso 93/5/2,run_46,cfg_gain4.5_peaktime200,p2b-config-cern-ext_gain4.5_peaktime200.txt,450.0,750.0,48,27.22625224045113,122.81350949017703,20.986274950370277,0.680607022409647,200.0,4.5
P2_OUT,Ar/CO2/Iso 93/5/2,run_47,cfg_gain4.5_peaktime200_deflt,p2b-config-cern-ext_gain4.5_peaktime200_deflt.txt,450.0,750.0,48,28.450928825119526,120.90092932279774,23.194137011804003,0.43821856613795845,200.0,4.5
P2_OUT,Ar/CO2/Iso 93/5/2,run_48,cfg_gain4.5_peaktime200_opt,p2b-config-cern-ext_gain4.5_peaktime200_opt.txt,450.0,750.0,48,27.511316709269572,123.20369253526769,22.27967322872766,0.6589467058312981,200.0,4.5
P2_OUT,Ar/CO2/Iso 93/5/2,run_50,cfg_gain3.0_peaktime200_opt,p2b-config-cern-ext_gain3.0_peaktime200_opt.txt,450.0,750.0,32,29.12799234662026,125.08320704707168,22.258444378885216,0.5979096006565389,200.0,3.0
P2_OUT,Ar/CO2/Iso 93/5/2,run_51,cfg_gain3.0_peaktime200_deflt,p2b-config-cern-ext_gain3.0_peaktime200_deflt.txt,450.0,750.0,31,31.615420143279948,122.20077697380952,20.500759617257,0.293891974414993,200.0,3.0
P2_OUT,Ar/CO2/Iso 93/5/2,run_52,cfg_gain4.5_peaktime200_opt,p2b-config-cern-ext_gain4.5_peaktime200_opt.txt,450.0,750.0,31,28.47551000254626,125.6049699290312,21.449449879049848,0.6517903037559792,200.0,4.5
P2_OUT,Ar/CO2/Iso 93/5/2,run_53,cfg_gain4.5_peaktime200_deflt,p2b-config-cern-ext_gain4.5_peaktime200_deflt.txt,450.0,750.0,41,29.709567128721925,123.3390682368462,20.627783845007023,0.433298663712212,200.0,4.5
P2_OUT,Ar/CO2/Iso 93/5/2,run_54,cfg_gain4.5_peaktime50,p2b-config-cern-ext_gain4.5_peaktime50.txt,450.0,750.0,41,36.0407942036549,-34.26436047928782,13.795802917250196,0.6316751246683766,50.0,4.5
P2_OUT,Ar/CO2/Iso 93/5/2,run_55,meshscan_m00V,p2b-config-cern-ext_gain3.0_peaktime200.txt,450.0,750.0,13,29.08289511639239,124.90176604162704,20.719432887273857,0.6036687048360201,200.0,3.0
P2_OUT,Ar/CO2/Iso 93/5/2,run_55,meshscan_m10V,p2b-config-cern-ext_gain3.0_peaktime200.txt,440.0,740.0,17,30.109131136124155,125.9064048431682,21.04951841649463,0.5169052631578946,200.0,3.0
P2_OUT,Ar/CO2/Iso 93/5/2,run_55,meshscan_m20V,p2b-config-cern-ext_gain3.0_peaktime200.txt,430.0,730.0,17,31.66204459820169,127.00117210144433,20.227182673690844,0.4102288984263233,200.0,3.0
P2_OUT,Ar/CO2/Iso 93/5/2,run_56,meshscan_m30V,p2b-config-cern-ext_gain3.0_peaktime200.txt,420.0,720.0,16,33.227286913244015,127.72784499447104,18.97773281157739,0.2949436597904538,200.0,3.0
P2_OUT,Ar/CO2/Iso 93/5/2,run_56,meshscan_m40V,p2b-config-cern-ext_gain3.0_peaktime200.txt,410.0,710.0,17,35.45732825880307,128.17745623675958,16.93699898831495,0.1925815148706715,200.0,3.0
P2_OUT,Ar/CO2/Iso 93/5/2,run_56,meshscan_m50V,p2b-config-cern-ext_gain3.0_peaktime200.txt,400.0,700.0,17,38.26711344650664,128.34699088514247,14.3647113423626,0.1182713856822698,200.0,3.0
P2_OUT,Ar/CO2/Iso 93/5/2,run_56,meshscan_m60V,p2b-config-cern-ext_gain3.0_peaktime200.txt,390.0,690.0,16,40.55211839284894,128.33179376539732,12.790634012792378,0.07295916848960665,200.0,3.0
P2_OUT,Ar/CO2/Iso 93/5/2,run_56,meshscan_m70V,p2b-config-cern-ext_gain3.0_peaktime200.txt,380.0,680.0,14,39.758794485887236,124.36294468570746,10.760436823168995,0.045812563410678,200.0,3.0
P2_OUT,Ar/CO2/Iso 93/5/2,run_57,driftscan_gap200V,p2b-config-cern-ext_gain3.0_peaktime200.txt,450.0,650.0,16,58.645721219580594,182.1858277064947,11.15594456197707,0.550587014359367,200.0,3.0
P2_OUT,Ar/CO2/Iso 93/5/2,run_57,driftscan_gap250V,p2b-config-cern-ext_gain3.0_peaktime200.txt,450.0,700.0,17,38.03918452102418,143.24957524573418,15.263086099778022,0.5850288394498321,200.0,3.0
P2_OUT,Ar/CO2/Iso 93/5/2,run_57,driftscan_gap300V,p2b-config-cern-ext_gain3.0_peaktime200.txt,450.0,750.0,16,28.52308320363898,123.46139603371537,20.005172117580024,0.6006885512292144,200.0,3.0
P2_OUT,Ar/CO2/Iso 93/5/2,run_57,driftscan_gap350V,p2b-config-cern-ext_gain3.0_peaktime200.txt,450.0,800.0,17,24.82993758568077,114.58838241117822,24.0771653335344,0.6292259189696806,200.0,3.0
P2_OUT,Ar/CO2/Iso 93/5/2,run_57,driftscan_gap400V,p2b-config-cern-ext_gain3.0_peaktime200.txt,450.0,850.0,17,23.455865154494862,110.91998886484916,24.87170396313893,0.661085536085536,200.0,3.0
P2_OUT,Ar/CO2/Iso 93/5/2,run_57,meshscan_m100V,p2b-config-cern-ext_gain3.0_peaktime200.txt,350.0,650.0,11,8.819842024141822,126.03103570641082,11.17093455898446,0.000578862383085,200.0,3.0
P2_OUT,Ar/CO2/Iso 93/5/2,run_57,meshscan_m80V,p2b-config-cern-ext_gain3.0_peaktime200.txt,370.0,670.0,16,41.67592324404812,125.48963914675502,8.478563817404453,0.0311038915491169,200.0,3.0
P2_OUT,Ar/CO2/Iso 93/5/2,run_57,meshscan_m90V,p2b-config-cern-ext_gain3.0_peaktime200.txt,360.0,660.0,15,34.06850157486785,129.07362340877287,10.116695551704218,0.0210226801845354,200.0,3.0
P2_OUT,Ar/CO2/Iso 93/5/2,run_58,operating_00,p2b-config-cern-ext_gain3.0_peaktime200.txt,450.0,750.0,38,28.265033204037877,123.27592709040076,20.401083098978127,0.6018144128461551,200.0,3.0
P2_OUT,Ar/CO2/Iso 93/5/2,run_58,operating_01,p2b-config-cern-ext_gain3.0_peaktime200.txt,450.0,750.0,38,28.285298170655526,123.19352176216873,20.49073045112464,0.6028019659973725,200.0,3.0
P2_OUT,Ar/CO2/Iso 93/5/2,run_58,operating_02,p2b-config-cern-ext_gain3.0_peaktime200.txt,450.0,750.0,38,28.171179744607336,123.04955667862971,20.59823010515833,0.6022442344384318,200.0,3.0
